"Sector","Year","Name","Andhra.Pradesh","Assam","Chattisgarh","Goa","Gujarat","Haryana","Himachal.Pradesh","Jharkhand","Karnataka","Kerala","Madhya.Pradesh","Maharashtra","Manipur","Meghalaya","Mizoram","Orissa","Punjab","Tamil.Nadu","Tripura","Uttar.Pradesh","West.Bengal","Andaman.and.Nicobar","Chandigarh","Dadra.and.Nagar.Haveli","Daman.and.Diu","Jammu.and.Kashmir","Lakshadweep","Puducherry"
"Rural",2011,"January",104,104,105,103,104,104,"104",105,104,107,104,104,104,104,104,105,104,105,105,103,104,105,104,104,103,104,103,106
"Urban",2011,"January",103,103,104,103,104,104,"103",104,104,107,103,103,104,104,104,105,103,104,105,103,104,105,103,104,103,104,102,105
"Rural+Urban",2011,"January",103,104,104,103,104,104,"103",105,104,107,104,104,104,104,104,105,104,104,105,103,104,106,103,104,104,104,104,104
"Rural",2011,"February",107,105,107,105,106,106,"105",107,106,108,105,105,103,108,106,108,105,107,107,104,107,105,104,107,104,105,104,107
"Urban",2011,"February",106,106,106,105,107,107,"105",107,108,109,106,107,102,107,109,106,105,108,108,105,108,104,103,106,104,105,105,108
"Rural+Urban",2011,"February",105,105,105,104,105,106,"104",106,106,108,105,105,103,106,106,106,104,106,107,104,107,104,103,106,104,105,103,106
"Rural",2011,"March",103.1,103.8,103.9,103.9,105.4,105,"104.3",104.9,104.8,107.1,104.1,104.7,103.8,104.8,105.8,105,104.5,103.9,105,103.9,104.8,106.8,103.9,105.8,104.1,105.5,108.6,104.7
"Urban",2011,"March",103.6,104.6,104.3,104.3,106,105.5,"104.8",105.1,105.4,107.9,104.8,105.2,104.1,105.6,107.3,105.8,105.3,104.6,105.3,105.3,105.2,107.9,104.6,106.2,105.5,105.8,110.9,105.2
"Rural+Urban",2011,"March",108,105,108,106,108,107,"106",109,108,109,106,108,102,109,108,109,105,109,108,105,108,105,105,108,104,106,105,110
"Rural",2011,"April",105,106,105,104,106,106,"104",106,106,108,106,105,103,111,107,106,104,105,107,103,107,104,103,105,104,106,104,105
"Urban",2011,"April",104.9,107.1,105.4,105.4,107.1,107.3,"105",106.8,107,108.8,106.1,106,102.7,111.1,108.3,106.8,104.9,105.5,107.8,104.2,107.7,105.1,103.9,105.8,104.7,106.6,107.1,105.5
"Rural+Urban",2011,"April",106,106,106,106,108,108,"105",107,108,109,107,107,102,114,110,107,105,108,109,103,109,103,102,105,104,107,105,107
"Rural",2011,"May",106.1,107.9,106.2,107,109.2,108.7,"105.2",107.7,109.3,109.6,107.5,108.3,102.1,113.3,111.1,107.4,105.2,107.5,108.8,104.3,110,103.4,103.4,105.8,105,107.2,105.4,107.8
"Urban",2011,"May",105.88,108.58,106.04,105.65,108.22,107.83,"105.54",106.96,107.52,109.79,107,106.89,102.68,111.12,109.39,107.97,105.56,106.47,107.41,105.04,108.76,106.11,104.59,106.93,105.82,107.76,108.57,105.73
"Rural+Urban",2011,"May",108.6,111.4,107.3,109,112.4,110.7,"107",109,111,111.9,109.5,110.5,102.2,113.5,112.9,109.9,106.5,110.5,109.8,105.7,113.3,107,104.1,108,106.3,108.8,105.6,107.9
"Rural",2011,"June",107.4,109.5,106.9,107.1,110.9,109.2,"105.7",107.9,109.8,110.7,108.6,109.8,102,113,111.8,108.7,105.8,108.9,108.2,104.9,111.5,104.4,104.3,107.2,106,108.9,105.8,107.3
"Urban",2011,"June",107.6,110.6,107.2,107.9,110,109.5,"107.1",108.4,110,111.5,108.3,108.5,103.4,111.9,111,109.6,106.9,108.5,109.1,106.2,110.6,108.1,107.4,107.7,106.6,108.9,109.1,107.6
"Rural+Urban",2011,"June",106,106.9,107.1,106.9,108.1,107.5,"107.3",107.2,109,110.6,106.6,107.3,106,107.1,109.4,108.8,107.4,106.9,107.2,107.1,107,109.3,107.6,106.9,107.1,109,112.1,107.5
"Rural",2011,"July",110.8,112.3,110.9,111.2,114.3,111.6,"107.8",111.6,112.7,112.6,111.1,112,102.1,118.4,111.2,112.2,108.3,111.3,111.2,108.3,115.3,107.9,106,108.4,107.7,109.6,109.5,110.7
"Urban",2011,"July",109.6,111.7,110.3,109.2,111.9,110.7,"107.9",111.1,111.6,112.1,109.9,110,103.8,115.9,111.2,111.7,108.7,109.4,110.4,108.4,112.4,109.5,109.2,108.3,108,109.9,111.5,109.1
"Rural+Urban",2011,"July",107.8,109,109,107.4,110,109.2,"108.4",110.2,110.5,111.2,108.3,108.8,107.3,108.7,111.2,110.1,109.1,107.9,108.2,108.7,108.6,111.2,109.4,108.2,108.6,110.3,113.2,108.6
"Rural",2011,"August",109,110,109.9,108.1,111.4,109.5,"108.7",111.1,111.3,113.1,109.4,109.5,109.6,109.5,111.6,110.9,109.5,109,108.9,109.7,109.6,113.3,110.2,109.1,109.5,111.1,116.3,109.3
"Urban",2011,"August",110.9,113.4,111,109.5,113.3,111.4,"109.1",112.4,112.6,114.3,111.3,110.7,107.4,117.8,111.1,112.3,109.4,110.4,110.8,110,114.5,111.2,110.1,109.6,109.4,111.4,115.2,109.6
"Rural+Urban",2011,"August",112.1,114.2,111.6,111.1,115.7,112.5,"109.2",113,113.9,114.8,112.6,112.7,106.4,120.6,110.6,112.8,109.3,112.2,111.5,110.2,118.2,109.1,108,109.8,109.4,111.6,113.9,110.6
"Rural",2011,"September",110,111.1,111.2,110,112.9,110,"110",112.1,112.3,114.4,110.6,110.9,112,110.2,113.1,112.3,110.5,110.1,109.5,110.5,109.9,115.3,111.4,110.3,110.4,112.4,117.5,111.2
"Urban",2011,"September",112,113.8,112.9,111.4,114.9,112.5,"110",113.4,113.8,115.7,112.9,112.1,109.4,119.9,111.5,114.1,110.2,111.5,111.5,111.3,115.2,110.9,111.3,109,111.5,112.7,116.5,111.3
"Rural+Urban",2011,"September",113.3,114.4,113.8,113,117.3,113.9,"110",114.1,115.4,116.3,114.6,114.1,108.1,123.2,109.6,114.7,110,113.3,112.3,111.8,119.3,106.7,110.1,108.5,112.1,112.8,115.4,111.7
"Rural",2011,"October",111.3,112.3,112.5,110.9,113,111.1,"111.1",113.6,113.5,114.7,111.2,111.6,113.9,110.7,113.9,113.6,111.7,111.5,110.8,111.5,110.4,115.9,112.7,111.8,110.6,113,114.5,111.9
"Urban",2011,"October",111.9,112.2,112.4,111.7,112.9,111.2,"112.2",112.1,115,116.1,111.8,112.1,112.6,110.7,115.2,112.9,111.7,114.3,110.8,110.7,109.8,115.4,113.5,111.6,111.7,113,114.7,113.2
"Rural+Urban",2011,"October",112.2,112.3,113.2,111.5,113.2,110.9,"111.8",113.4,114.4,116,111.9,112.3,113.3,111,114.6,113.8,111.4,113,111.6,111.5,110,115.9,113.9,112.4,111,113.1,115.1,112.9
"Rural",2011,"November",113,115.5,113.4,112,115.3,113.1,"111.3",114.4,114.8,115.6,114.1,113,111.1,123.8,112,114.9,111.5,112.8,114.3,113,115.4,111.9,112.6,109.7,111.6,113.4,115.4,112.2
"Urban",2011,"November",114.1,116.3,113.9,113.1,118,114.3,"111.4",114.8,116.2,116,116.2,115.4,109.8,128.2,109.9,115.3,111.3,114.4,115.6,113.9,119.3,108.1,111.3,108.9,112.2,113.7,116.5,113.2
"Rural+Urban",2011,"November",112.6,112.4,112.4,112.2,113.4,111.6,"112.9",111.9,115.7,116.3,111.9,112.3,112.4,111.2,116,113.1,112.2,114.8,111.7,111.1,111,116.5,114.3,112.9,113,114,114.7,114.6
"Rural",2011,"December",113.3,113,112.7,112.6,114.3,112.1,"113.2",113,116.5,116.6,112.4,112.8,112.1,111,116.7,114,112.9,115.4,112.7,112,112.4,116,114.8,113.9,113.4,114.1,115.2,115.3
"Urban",2011,"December",114,115.9,114.3,112.2,115.2,113.8,"111.5",114.2,115.7,116.6,114.6,113.5,111.6,123.2,113.9,114.5,111.6,114.1,114,113.9,115,112.7,113.8,111.4,110.7,114.7,115.6,113.3
"Rural+Urban",2011,"December",113.2,114.7,113.2,112.6,114.9,113,"111.2",113.6,115.5,116.1,114.3,113.4,110.4,127.3,113.3,113.3,111.4,115,111.9,112.9,113.4,112.9,113.4,110.7,110.5,114.8,114.5,113.6
"Rural",2012,"January",114.5,113.9,112.9,113.3,115.8,113.2,"114",113.5,117.1,116.9,113.3,113.9,112.3,112.2,117,114.9,114,116.2,114.2,113,113.3,116.6,116.1,115.4,114.3,115.1,116.4,116.3
"Urban",2012,"January",115.2,116.7,114.9,113,117.7,115.5,"111.4",114.6,117,116.9,116.6,115.5,110.8,127.3,113.1,114.7,111.8,115.5,114.9,115.2,118.8,109.6,111.7,111,110.6,115.6,116.3,114.5
"Rural+Urban",2012,"January",113.3,114.8,112.5,112.7,115.8,113.2,"111.4",113.7,116.4,116.1,114.5,113.4,110.8,127.8,113.5,113,111.7,115.8,113.8,113.2,114.4,114.4,114.2,108.4,111.1,115.6,114.2,114.9
"Rural",2012,"February",113.9,115.3,113.6,113.6,117.4,114.1,"111",114.4,116.1,116.1,116.1,115.6,109.4,133,111,113.5,111.1,115.9,112.3,114.2,116.1,110.6,111.1,110.3,109.8,115.8,114.3,114.6
"Urban",2012,"February",113.8,115.5,112.6,113.1,116.6,114.1,"111.6",114.5,117.1,116.6,114.8,113.6,110.6,125.2,114.4,113.6,112.3,116.2,114.3,113.5,115.6,113.6,114.7,109.5,111.8,116,114.7,115.5
"Rural+Urban",2012,"February",113.8,115.4,112.6,113.3,118.8,114.2,"111.1",114.6,117.1,116,116.4,115.4,110.1,133.4,110.5,112.9,111.3,117,114.6,114.4,117.1,112.4,111.2,106.7,110,116.6,113.6,115.9
"Rural",2012,"March",116,115.1,114.1,113.1,117.4,115,"116.1",115.1,118.4,118.4,114.3,115.1,112.6,113.1,119.2,116.3,115.4,118.1,115.3,114.6,115.2,118,117.1,117.2,115.5,116.8,118,116.7
"Urban",2012,"March",116.8,116.2,115.8,113.7,118.6,115.4,"116.9",116.3,119.1,119.5,115.2,116.4,113.3,114.7,119.9,118.5,115.9,119.3,116.3,115.5,116.5,119.8,119,118.6,115.9,117,118.6,117.4
"Rural+Urban",2012,"March",114.1,116.1,112.6,113.6,119.3,115.3,"111.2",115.2,117.7,116.6,116.6,114.9,109.9,130.1,111.7,113.4,111.8,117.3,114.9,114.3,118,111.3,112.4,107.8,110.8,117.1,114.1,115.9
"Rural",2012,"April",114,115.7,113.7,113.3,117.7,114.7,"112.2",115.4,117.8,116.8,115.7,114.6,109.9,128.7,114.7,114.8,113.2,117.1,114.8,114.4,116.3,114.4,116,110,112.6,117.1,115.7,116.6
"Urban",2012,"April",119.7,118.6,124.1,126.6,119.3,118,"121.7",119.5,120.6,121.5,120.2,119.4,107,127.4,128.6,121.9,118.6,120.9,127.9,118,120.2,121.3,121.3,116.1,124.9,117.1,121.5,124.4
"Rural+Urban",2012,"April",119.6,118.7,121.9,121,117.8,117.2,"120.7",118.9,122.1,121.5,119.5,117.6,110.5,124.2,121.5,120.9,117.9,121,128.3,116.5,119.5,118.2,116.3,115.1,122.4,117.1,115.3,119.6
"Rural",2012,"May",119.3,118.9,118.4,117.4,116.6,116.3,"116",117.9,123.4,121.4,118.6,116.7,118.2,117.1,117,118.4,117,121,129.3,113.9,118.8,115.3,116,114.6,119,117.2,109.4,117.9
"Urban",2012,"May",118.9,117.3,116.9,114.5,119.3,116.9,"118.5",119,120.5,120.3,116.9,117.3,114.4,115.5,120.8,120.7,117,121.2,116.9,116.8,118.6,121.5,120.6,118.6,116.8,117.9,121.4,118.8
"Rural+Urban",2012,"May",119.3,117.8,117.3,117.5,116.4,116.1,"115.8",116.8,123.5,121.7,118.9,116.5,117.6,116.6,117.6,117.9,117.7,121.3,128.2,113.2,119,115.5,116.5,114.3,119.9,117.9,109.1,118.8
"Rural",2012,"June",119.7,117.2,117.3,117.1,116.6,116,"116.1",117.1,123.4,122,119.3,116.8,117.7,116.6,117.1,117.9,118.1,120.9,127.4,113.2,119.8,115.5,116.2,114.6,120,118,111,123.1
"Urban",2012,"June",116.8,119.6,116.5,114.1,120.7,117.3,"115.8",118.1,120.1,118.6,117.8,117.4,109.7,131.2,118.1,118.6,115.4,119.7,114.8,117.5,119.9,116.1,118.8,110.5,114.3,118.2,116.6,117.6
"Rural+Urban",2012,"June",113.7,116.1,114.1,113.3,120,115.6,"111.8",116.3,118.5,116.8,117.4,115.8,108.8,134.3,112.1,114.8,112.5,118.2,115,115.2,118.7,112.2,113.3,108,111.6,118.3,114.8,117.4
"Rural",2012,"July",115.8,117.8,114.6,113.3,119.6,116.2,"113.9",116.9,119.1,117.8,117,116.2,109.6,130.2,116.2,116.6,114.7,118.8,114.9,116.2,118.3,115.3,116.9,110.5,113.3,118.3,116.9,116.8
"Urban",2012,"July",118.7,120.3,118,115.6,121.3,118.4,"117",120.7,121.5,119.6,119.3,118.4,110.4,130.4,119.3,121.1,116.3,121.4,114.9,118.5,122.2,117.5,120.3,110.7,114.8,118.8,118.8,119.1
"Rural+Urban",2012,"July",116.8,120.4,116.9,114.6,123.2,118.4,"115.5",119,121.1,118.2,119.7,119.2,108,136.8,116,118.7,115,120.3,114.3,118.6,122.6,112.6,114.8,107.4,113.3,118.9,114.2,118.3
"Rural",2012,"August",120,118,117.7,117.3,117.1,116.9,"116.6",117.6,123.9,122.4,119.9,117.1,118.1,117.4,117,118.7,118.4,120.9,128.5,113.8,119.3,114.4,116.9,114.5,121.1,118.9,110.9,124.3
"Urban",2012,"August",120.1,117.4,120.9,120.8,117.7,117.3,"120.4",118.3,122.5,121.9,119.9,117.6,111.9,125.1,122.1,120.3,118.3,121.2,126.8,116.1,119.2,117.4,116.7,115.5,122.7,119,115.7,120.7
"Rural+Urban",2012,"August",115.6,118.4,114.8,113.6,122.2,116.9,"113.4",117.8,119.8,117.5,118.9,118.1,108.1,136,112.7,116.7,114,119.8,114.8,117.1,120.7,112.7,113.6,107.9,112.1,119.2,115.5,117.2
"Rural",2012,"September",118.6,121,118.5,116.7,123.7,119.3,"116.7",121.5,122.6,119.2,121.1,120.2,108.4,135.5,117.6,121.2,115.6,121.7,114.2,119.5,124.9,113.7,114.6,107.7,113.6,119.4,115.7,120
"Urban",2012,"September",119.8,118.5,119.2,115.4,120.3,118.4,"119.2",120.7,121.7,121.1,119.6,118.4,115.3,116,122.1,122.7,118.3,122.6,117.6,118.8,119.1,120.2,122.2,120.1,117.9,119.4,121.7,120
"Rural+Urban",2012,"September",120.5,117.3,123.1,126,119.4,118.4,"121.4",119.2,121.4,122,120.6,119.8,109.2,128.9,129.2,121.2,118.7,121.1,126.3,117.8,119.3,119.4,120.3,118,124.7,119.6,122.5,126.2
"Rural",2012,"October",120.5,118.5,118.8,117.3,117.6,117.8,"116.9",117.8,124.8,123.4,120.1,117.8,118.3,118.6,117.1,119,118.8,121.9,129.6,114.1,119.6,115.7,117.6,114.8,122.4,119.6,111.2,125
"Urban",2012,"October",120.8,118.2,121.6,120.3,118.1,117.2,"121",118.6,123,121.9,119.5,118,114.3,125.2,121.6,120.7,118.5,120.9,126.7,116.1,119.9,116.8,116.4,115.7,122.4,119.7,116.7,125.7
"Rural+Urban",2012,"October",120.6,122.1,121.6,115.8,122.4,120,"118.7",122.4,122.8,120.5,121.5,119.9,111.7,129.7,121.6,123.1,117.8,123.3,116.8,120.4,123.3,116.8,121.8,112.1,116.1,120.2,119.6,120.5
"Rural",2012,"November",124.6,121.4,121.1,120.6,120.9,119.8,"117.7",121.4,128,125.6,122.8,119.5,119.1,120.7,119.6,122.5,121.5,125.4,130.3,116.8,121.6,117.1,119.2,117.7,124.4,120.2,120.3,129.4
"Urban",2012,"November",121.1,118.5,122.7,120.9,118.4,118.1,"121.9",119.3,123.3,122.3,120.5,118.4,114.8,125.4,121.1,121.2,118.8,120.8,127,116.7,119.4,117.7,117.1,116.1,123.5,120.3,116.8,127.1
"Rural+Urban",2012,"November",122.2,119.2,119.7,118.8,118.6,118.4,"117.7",118,126.2,125,120.9,118.4,118.6,118.6,117.9,120.1,119.5,123.6,130.2,115.5,120.1,116.1,118.4,116.2,123.1,120.4,112.2,126.9
"Rural",2012,"December",124.6,119.9,120.6,120.8,120.2,119.4,"118",119.7,127.5,126.4,121.6,119.4,118.5,119.2,118.8,122.2,120.3,125.2,130.6,115.5,120.9,116.2,118.9,117.2,124.1,120.4,115.6,128.6
"Urban",2012,"December",121.5,118.4,124.3,125.3,120,118.3,"122.1",119.6,122.5,121.9,119.7,120.5,112.7,129.1,128.6,121.8,118.8,120.8,126.4,117.8,119.9,118.2,119.3,117.8,124.1,120.6,122.6,133.2
"Rural+Urban",2012,"December",121.2,122.9,122.8,116.3,124.9,120.9,"118.6",123.2,123.9,120.2,122.9,122.4,110,134.3,121.1,123.3,117.3,124.2,116.5,121.3,126.6,113.5,114.3,109.1,115,120.7,117.2,122
"Rural",2013,"January",120.9,119.3,120.8,116.2,121.5,119.8,"120.7",121.8,122.7,122.3,121.7,119.6,115.9,116.9,122.1,124,120,123.7,118.7,120.3,120,120.6,123.3,120.2,117.8,120.7,123.8,120.5
"Urban",2013,"January",121.7,118.6,125.9,126.5,120,119.2,"123.1",120.3,122.7,122.3,120.9,120.9,113.2,129,127.6,122.2,119.1,120.7,126.5,118.4,119.5,121.1,120.6,119.3,125.3,121,122.9,135.1
"Rural+Urban",2013,"January",127.3,122.9,122.1,123.9,120.8,120.2,"117.8",121.5,130.3,128.1,123,120.7,120.9,121.5,122.7,122.5,121.1,127.4,131.3,116.9,123.9,120.3,121,121.4,125.1,121.1,114.2,126.7
"Rural",2013,"February",121.5,122.5,123.3,117.1,123.7,121.2,"119.4",124,123.8,121.8,123.8,121.1,112.5,130,121.9,124.2,119.9,124.3,117.5,121.7,124.8,117.9,123,112.9,116.3,121.4,121.1,121.2
"Urban",2013,"February",126.9,123.1,121.6,124.1,121,120.6,"117.6",122,130.2,127.8,123.1,120.7,121,121.6,122.5,122.8,121.5,126.6,131,117.1,124.8,118.4,120.8,121.2,125.6,121.5,113.2,125.8
"Rural+Urban",2013,"February",121.8,119.7,123.9,120.9,118.9,118.5,"122.5",119.8,124.4,123.1,120.7,119,115.2,125.6,121.5,121.6,119,121.4,128,116.7,119.6,117.8,117.8,116.2,124.6,121.6,117,127.6
"Rural",2013,"March",128.4,123.2,123.1,124.4,120.7,120.1,"118.6",122.1,131.2,128.1,123.9,120.9,121,121.9,122.8,123.3,121.7,128.7,132.2,117.4,124.1,119.5,121,120.1,125.6,121.6,115.4,127.8
"Urban",2013,"March",121.9,123.2,124.5,118,126.4,122,"119.1",125.1,125,121.5,125.3,123.8,110.9,134.5,121.6,124.3,119.9,125.1,117.1,122.5,128.5,115.3,115.9,110.1,115.5,121.8,117.8,123.2
"Rural+Urban",2013,"March",121.7,120,121.9,116.9,121.7,119.6,"121.2",121.6,123.5,123.5,122.1,120.8,117.4,117.7,122.2,123.7,120.5,124.6,119.3,120.8,121.1,123.2,123.9,120.1,117.7,121.8,124.1,121.1
"Rural",2013,"April",125.1,122.7,121.8,120.3,121.3,120.7,"118.5",123.2,128.4,126,123.7,120.1,120.2,122.2,120.1,123.3,122.4,125,131,117.7,123.5,118.2,120.1,119.5,125,121.8,121.6,129.5
"Urban",2013,"April",128.2,123.7,122.8,123.3,121,120.5,"118.9",121.7,130.4,127.2,124.1,120.9,120.7,121.1,123.2,123,121.4,128.9,133.2,117.7,123,120.7,120.9,121,125.3,121.9,113,128.5
"Rural+Urban",2013,"April",122.7,123.3,123.5,117.8,124.1,121.6,"120.4",125.7,125.1,122.7,124.5,122.5,113,130.6,122.4,124,120.7,125.4,116.7,123.2,126.2,119.4,123.6,112.8,117.6,122,121.6,121.5
"Rural",2013,"May",122.7,123.3,123.5,117.8,124.1,121.6,"120.4",125.7,125.1,122.7,124.5,122.5,113,130.6,122.4,124,120.7,125.4,116.7,123.2,126.2,119.4,123.6,112.8,117.6,122,121.6,121.5
"Urban",2013,"May",123.4,124.1,124.3,118.8,127.1,122.7,"120.2",127.7,126.9,122.3,126.3,125.3,110.8,135,122.6,124.1,120.8,126.5,115.7,124.5,130.1,115.8,117.3,110,117.5,122.1,118.6,122.7
"Rural+Urban",2013,"May",123,122.4,123,117.6,122.4,119.8,"122",122.3,124.3,124.3,122.2,121.8,118.5,118.6,123.2,124.6,121.1,125.4,120.7,120.9,121.7,124.5,124.1,121.1,118.4,122.4,122.6,121.6
"Rural",2013,"June",125.8,124.4,122.5,120.4,121.2,120.9,"119",123.6,128.8,125.7,124.2,120.1,120.9,121.9,121.8,123.6,122.8,125.5,132.2,117.9,123.9,118.8,120.5,119.3,125.3,122.4,119,130
"Urban",2013,"June",125.6,122.4,127.3,123.9,121.6,120.5,"123.9",122.5,127.7,125.8,122.5,121,116.5,127.2,122.4,125.4,120.3,124.7,128.8,118.4,121.1,118.4,119.2,118.9,129.2,122.5,122,131.5
"Rural+Urban",2013,"June",128.7,124.1,123.4,125.3,122.8,121.9,"119.5",123.4,131.9,129.4,124.9,122.1,121.7,122.3,122.9,124.1,122.8,128,131.8,118.3,125.9,120.4,122.7,121.5,127.4,122.5,112.2,127
"Rural",2013,"July",122.6,120,127.1,126.5,120.5,119.2,"123.8",121.1,123.9,123,121.1,121.3,113.8,128.7,128.4,122.6,119.1,120.7,127.5,118.2,119.6,119.9,120.8,119.1,126.2,122.7,123,135.1
"Urban",2013,"July",125.9,122.8,126.9,124.2,122.3,120.7,"124.3",124.5,128.3,125.5,123.1,121,116.8,128.8,123.1,126.3,120.9,125.1,129.1,119.4,122.3,120.3,119.6,119.3,131.8,122.7,123.9,132.2
"Rural+Urban",2013,"July",124.2,123.1,123.6,118.4,122.9,120.2,"122.3",124,125.1,125.9,122.6,122.5,119.2,118.9,123.9,125.8,122.4,126.7,121.6,121.6,121.9,126.3,124.4,119.9,119.5,122.8,119.8,122.5
"Rural",2013,"August",123.1,121.3,125.5,122.4,119.8,119.1,"123.1",120.8,125.8,124.5,121.4,119.7,116.1,125.8,121.8,123.1,119.5,122.9,128.6,117.5,119.8,117.3,118.6,117.2,125.6,122.9,117.3,129.4
"Urban",2013,"August",127,125,124.6,121.1,121.6,121.1,"118.9",123.7,129.4,125.9,124.7,120.9,120.6,122.6,123.2,124,123.1,126.9,134.2,118.9,124.4,120.7,120.9,121,125.7,123,117.1,125.9
"Rural+Urban",2013,"August",131.5,124.7,125.3,125.9,124.1,122.4,"120.7",123.9,133.7,131.2,126,122.9,122.8,122.2,123.5,125.7,123.5,130.2,132.2,119.7,127.1,124.6,123,123.7,128,123.1,112.3,129.6
"Rural",2013,"September ",128.4,125.1,124.8,122.4,122,121.4,"119.5",122.9,130.3,127,125.2,121.2,121.3,122,123.4,123.9,123.4,128.6,133.5,119.8,123.7,121.4,121.2,121.5,125.8,123.2,113.7,127.6
"Urban",2013,"September ",125,125.5,124.4,119.1,125.3,122.7,"121.2",128.1,126.8,125.1,125.6,123.9,113.7,132.6,124.9,124.9,122.1,127.5,118.6,123.2,127.2,121.7,124.1,113.2,119.7,123.6,119.2,123.2
"Rural+Urban",2013,"September ",125.3,123.3,123.8,118.9,123.1,120.9,"122.9",123.4,126.4,127.1,123.1,123,119.7,119.4,124.2,126,122.6,127.7,122.3,121.6,123.1,126.5,125.3,119.3,120.4,123.7,119.8,123.3
"Rural",2013,"October",126.2,123.1,131.5,128.8,123.5,121.4,"125.2",124.2,128,125.4,123.1,124.3,115.6,130.8,128.1,126.7,120.3,124,128.2,120.1,121.2,120.6,124.8,122.3,132.9,123.7,128.7,139.8
"Urban",2013,"October",127.8,125.7,129.1,125.4,123.5,122.6,"126.1",127.1,129.3,125.5,124.7,122.2,117.3,133.7,124.8,128.6,123.1,125.3,132.3,121.3,125.3,123,121.1,120.7,134,123.8,124.6,133
"Rural+Urban",2013,"October",124.7,126.4,123.7,118.7,127.5,123.3,"121.1",129.9,128.2,123.3,127.1,126.1,110.6,136.4,124.9,124.2,121.9,127.6,116.6,125.1,131.1,116.6,118.3,110.7,119.8,123.9,119.9,123.9
"Rural",2013,"November",127.1,124,128.6,124.9,123.2,121.6,"125.5",126.2,128.9,125.8,124.1,121.9,117.1,131.2,123.8,128.3,122.2,124.8,130.3,120.8,124.6,122.1,120.5,120.8,132.9,123.9,125.1,132.5
"Urban",2013,"November",133.2,124.6,128.2,127.2,128,123.5,"121.7",124.9,134.9,132,127.7,124.8,123.4,123.3,123.8,127.5,124.8,131.5,132.4,119.9,126.9,125.9,124.4,126.7,130.8,123.9,117.9,131
"Rural+Urban",2013,"November ",125.6,126.1,124.8,119.8,128.1,124.1,"121",130.2,128.6,124.7,127.7,126.3,111,137.2,126.1,124.6,121.9,128.6,117.5,124.1,131.3,117.3,117.3,110.6,119.8,124.1,118.5,125.2
"Rural",2013,"December",126.6,123.2,130.6,129.9,124.2,121.5,"125.8",126.4,128.6,125.4,123.3,124,115.8,132.4,128.6,127.8,120.4,124.6,128.7,120.9,122.9,123.6,125.7,122.4,137.1,124.1,127.7,140.2
"Urban",2013,"December",131.4,124.5,131.3,128.9,124.1,122,"125.1",126.5,131.8,127.1,125.3,123.4,117.2,134.2,127.3,129.9,122,129.1,132.6,120.5,125.3,125.1,121.6,123,135.8,124.1,122,130.1
"Rural+Urban",2013,"December",123.7,121.8,129.1,128,121.3,119.7,"124.3",122.5,125.3,124.3,121.8,122.4,114.9,129,128,124.3,119.5,122,128,118.7,119.6,118.6,122.2,119.1,127.4,124.2,122.7,136.5
"Rural",2014,"January",125.8,125.1,123.1,119.5,125.4,122.4,"121.9",127.2,127.6,126.3,125.6,124.2,113.5,134.6,124.2,124.8,122.1,128.4,118.1,123,127.8,122.3,125,112.8,120.8,124.4,119.1,123.8
"Urban",2014,"January",130.9,125.7,130.2,127.7,124.3,122.4,"125",126.3,131,126.2,125.3,123.5,117.2,133.8,127.6,130.1,122.2,129.1,133,120.9,124.3,126.3,121.5,123.5,134.9,124.4,120.5,130.4
"Rural+Urban",2014,"January",128.9,126.1,133.3,133.3,126.4,124.1,"127.7",129.2,129.8,125.4,125.1,126.3,115.6,139,129.6,130.5,123.3,125.1,132.4,123.3,126.6,127.3,130.6,123.5,140.3,124.5,130.4,141.8
"Rural",2014,"February",126.1,123.6,123.9,119,124.1,120.9,"122.6",123.9,127.4,129.4,123.6,124,120,119.5,124.4,126.7,122.9,129,122.8,121.9,124.8,125.5,125.7,119.9,121.1,124.6,120.6,124.3
"Urban",2014,"February",130.5,124.6,130.5,128.5,124.2,122.2,"124.9",126.4,131.1,127.3,124.8,122.9,117,134,127.8,130.1,121.7,127.9,132.5,119.8,125.1,126.1,121.6,124,136.5,124.7,121.7,129.1
"Rural+Urban",2014,"February",126.2,125.5,122.7,120.2,128.1,123.3,"121.7",129.1,128.8,125.9,127.5,126.3,110.5,139.8,124.2,124.4,121.6,129.3,116.5,123.8,131.5,118.3,119.2,110.4,121,124.8,118.2,125.4
"Rural",2014,"March",130.5,124.7,130.2,128.8,124.6,122.6,"125.1",126.8,131.2,127,124.9,123,117.1,134.4,127.6,130.9,121.9,127.1,132,120.1,125.6,126.1,121.3,123.9,136.9,124.8,120.3,128.1
"Urban",2014,"March",132.7,125.8,129.1,126.9,128.9,124.4,"123",126.9,135.1,131.4,129.6,125.2,124,124.3,124.1,128.4,126.7,131,132.8,122,127.9,124.3,124.6,128,132.6,124.8,123.6,131
"Rural+Urban",2014,"Macrh",132.1,126.9,128.9,125.8,127,124.2,"123.1",126.9,134.7,131,128.2,124.5,124.9,124.9,123.7,127.9,126.7,130.1,134,121.4,128.3,124.4,124.4,125.9,130.5,124.8,126.7,129.8
"Rural",2014,"April",131.1,127.3,127.8,126.6,125.5,124.1,"123.7",127.2,134.7,131.2,127.5,124.2,125.2,124.8,123.8,127.4,126.6,130.1,132.2,120.9,129,124.6,124.6,123.8,129,124.8,123,129.5
"Urban",2014,"April",128.2,124.4,132.9,132.2,125.7,122.4,"127",128,129.5,125.7,124.4,125.6,115.7,135.3,129.7,130.2,122,124.5,130.1,122.6,125.5,126.1,126.4,123.4,138.6,125,128.8,141.2
"Rural+Urban",2014,"April",128.7,126.7,131.6,125.6,124.5,123,"126.4",127.2,129.7,125.8,125.5,123,117.3,134.8,125.3,130.4,123.4,126.6,133.5,122,125.4,126.3,121.6,123.4,134.8,125.1,123.4,127.7
"Rural",2014,"May",131.7,128.1,127.8,126.3,125.8,124.5,"124.2",128.3,134.9,131.3,128.1,125.1,125.9,125,124.5,127.2,126.7,130.7,132.6,121,129.7,125.6,125.2,124.6,129.4,125.1,119,129.5
"Urban",2014,"May",131.4,128,127.2,126,125.1,124.5,"124.9",127.8,134.8,131.1,128.6,124.8,127.3,124.8,124.7,126.9,126.7,130.9,134.7,121.9,129.2,125.9,125.6,124.7,128.7,125.2,113.7,129.1
"Rural+Urban",2014,"May",130.6,126.8,132.7,126.7,124.9,123.3,"125.9",127,130.8,126.2,125.8,123.7,117.5,134.1,126.9,131.1,123.6,128.6,133,121.9,124.7,126.8,121.8,124,134.6,125.3,121.5,129.8
"Rural",2014,"June",130.5,126.5,125.5,126.5,123.5,123.8,"124.2",125.4,134.9,132.3,126.9,124.3,127.7,125.4,124,125.9,125.7,131.6,132.7,119.7,127.2,127.2,124.1,125,127.3,125.3,111.1,129.5
"Urban",2014,"June",130.4,126.5,125.7,126.2,123.4,123.8,"124.1",126.1,134.6,130.9,127.2,124.4,127.2,125,124.2,126.2,125.5,131,133.6,120,127.4,126.4,124.6,124.5,127.4,125.4,111.4,129.4
"Rural+Urban",2014,"June",128.1,124,124.8,120,125,121.9,"123",124.3,129.6,129.6,124.2,124.7,120.6,120.5,124.6,127.1,123.7,130.1,123.6,122.7,125.8,124.3,126,121,121.8,125.5,122.7,125.8
"Rural",2014,"July",133.2,124.8,136.4,135.9,128.6,123.7,"126.5",129.2,132.5,126.6,126.3,128.4,115.4,139.7,134.3,132.5,122.3,129.7,132.8,122.4,126.3,130.8,131.1,128.8,143.1,125.5,128.8,136.8
"Urban",2014,"July",131.7,125.3,130.6,129.9,126,123.5,"126.4",128.1,132.6,128,126.1,124.5,117.5,135.1,126.7,131.5,123.1,128,133,121.2,126.7,127.3,123.3,124.1,135.5,125.5,119.9,128.9
"Rural+Urban",2014,"July",126.4,125.6,123.5,120.1,126.2,123,"123",127.6,128.6,128,126.1,125,114.5,135.4,124.8,125.1,122.5,129.7,118.5,124.1,128.2,121.9,125.4,113.7,121.8,125.7,119.3,125
"Rural",2014,"August",131.3,124.9,125.4,126.6,123.6,124.2,"124.5",124.4,135.6,133.3,126.7,124.7,128.5,125.6,124,126.1,126,132.4,132.7,119.9,127.7,126.4,124.3,125.2,128.4,125.7,113.1,130.3
"Urban",2014,"August",132.5,126.2,134.9,134.7,128.5,124.1,"126.4",129.2,131.6,125.6,126.1,128.6,115.6,139.5,134.5,132.9,122.8,129.3,132.9,122.8,125.5,132,131.3,128.5,141.9,125.8,128.3,136
"Rural+Urban",2014,"August",127.4,126,124.4,121.5,127,123.5,"123.5",128.4,130.5,128.6,126.9,125.7,114.9,136.3,125.2,125.9,123.1,130.8,118.9,124.7,128.9,121.6,125.7,114.5,122.4,125.9,120.4,126.6
"Rural",2014,"September",126.9,126.5,124.2,123.2,129.4,124.5,"123.6",130.4,131.5,128.1,128.9,127.5,112.1,141.7,125.8,125.5,122.5,131.8,117.2,125.8,131.3,119.1,118.6,112.1,122.8,126.1,117.7,128.9
"Urban",2014,"September",128.3,124.9,125.1,121.1,125.7,122.4,"123.1",125.4,130.2,130.1,124.8,125.4,121.1,121.2,125.9,127.4,124.6,130.9,124.3,123.5,125.5,125.1,127,122.1,122.5,126.1,122.2,126.1
"Rural+Urban",2014,"September",129.7,127.1,136,132.6,128.3,124.7,"128",129.3,130.1,125.7,126.1,127.2,115.7,140.3,128.5,132.9,123.7,126.1,133.2,123.8,126.3,132,132.7,128.1,141.3,126.3,129.9,133.1
"Rural",2014,"October",126.6,126.1,123.3,121.3,128.7,124.3,"123.1",129.5,129.9,127.4,128,126.8,111.8,140.8,125.2,124.6,122.1,130.5,116.9,125.3,130.8,118.5,119.4,111.3,122.2,126.4,117.8,127
"Urban",2014,"October",127.3,126.7,124.9,122.4,127.9,123.8,"123.8",128.4,131,128.7,127.4,126.1,115,136.3,125.5,125.8,123.7,131.2,118.7,124.8,128.7,121.8,126.7,115.5,122.9,126.4,119.9,127
"Rural+Urban",2014,"October",131.9,127.2,137.7,133.6,128.7,124.9,"127.3",129.6,131.4,125.7,126.3,128.6,115.7,139.6,132.3,133.9,123.7,128.5,132.8,123.2,125.6,132.4,131.6,129.1,140.9,126.5,129.6,136.2
"Rural",2014,"November",126.7,127.1,124.8,123.8,130.5,124.6,"124",129.9,131.9,128.1,129.3,127.2,112,141.5,125,125.2,122.8,131.7,116.6,125.6,131.2,118.7,119.4,113,123.1,126.6,117.2,129.8
"Urban",2014,"November",132.4,125,135.8,135.7,128.6,123.9,"126.5",129.5,132.1,126.8,126,127.2,115.2,139.6,135.7,133.1,122.2,128.5,132.9,121.6,126.2,132.2,131.9,129.2,144.7,126.6,129.6,136.2
"Rural+Urban",2014,"November",132.6,125.1,135.6,136.2,129.2,124.3,"126.8",129.7,132.3,126.6,126.2,127.6,115.3,140.1,135.6,134.1,122.2,127.7,132.4,121.9,126.4,134,129.6,129.3,145.1,126.6,127.7,135
"Rural",2014,"December",129.4,125.1,126,122.3,126.9,124.3,"123.8",125.7,131.5,130.7,125.3,126.3,120.9,122.1,128,128.4,125.3,132.4,124.6,124,126.7,124.4,127.9,122.6,123.4,127,121.6,127.7
"Urban",2014,"December",131.5,125.5,125.1,126.7,124.6,124.2,"125.4",124.7,136.4,133.4,127.3,125.3,129.2,125.2,123.6,126.4,126.6,132.9,133.4,120.4,127.8,125,125.3,124.4,128.7,127.1,112.7,130
"Rural+Urban",2014,"December",133.4,125.6,135.1,137.1,130.1,124.9,"127.9",131,133.4,127.3,127,129.3,115.6,140.8,132.7,134.4,123.3,128.1,133.4,123,127.5,134.4,132.9,129.2,141.4,127.2,127.9,134.6
"Rural",2015,"January",134.2,126.2,133.3,131,127.3,124.5,"127.4",129.2,134.3,130,127.1,125.3,120.8,134.1,127.7,133.4,124.1,130.2,134,122.4,127.9,128.5,123.7,125.9,136.7,127.3,120.1,131.6
"Urban",2015,"January",128.3,126.3,125.5,123.7,128.8,124.9,"124.3",129.3,132.2,129.2,128,126.7,115.4,136.4,126.5,126.7,124.5,132.3,118.9,125.1,129.5,121.5,127.6,115.9,124,127.4,120.1,128.4
"Rural+Urban",2015,"January",131,125.6,127.3,122.9,128.2,125,"124.7",125.9,133,132.1,126.1,127.3,121.8,122.1,129.8,130.1,125.7,134,125.1,123.8,127.9,128,128.1,124.1,123.9,127.4,122.9,130.3
"Rural",2015,"February",129.7,127.3,126.3,124.6,130.1,125.7,"124.6",130,133.9,130.3,129.2,127.8,116.4,137.6,128.7,128.6,125,133.9,119.4,125.3,130.3,124.1,127.8,117.3,125.2,127.5,121.5,130.9
"Urban",2015,"February",127.5,126.6,125.3,125.2,131.1,125.3,"124.4",131.1,133,128.5,130,127.5,112.8,141.3,124.7,126.1,123.7,132.2,116.7,125.7,131.7,118.8,121.1,113.3,124.3,127.6,118.4,130.6
"Rural+Urban",2015,"February",128.9,127.7,125.8,126.4,132.4,126.1,"124.6",132,134.9,129.4,131.5,128.7,113.8,142.9,127.5,128.1,124.3,133.8,117.3,126.2,132.1,120.4,120.6,114.7,125.9,127.6,119.8,132.5
"Rural",2015,"March",131.1,128.4,125.7,127.3,125.6,124.8,"126",125.7,136.9,134,127.6,125.7,128.9,125.2,124.3,126.7,126.6,133.1,134.2,121.2,128.2,124.6,125.7,125.6,130.3,127.8,112.9,129.9
"Urban",2015,"March",132.7,128.1,126.7,128.7,126.4,125.5,"127.1",126.7,137.4,136.1,128.9,126.6,129.1,125.8,125.4,128.4,126.4,134.4,134.2,121.6,128.8,125,124.6,126.2,131,128.1,119.9,131.1
"Rural+Urban",2015,"March",135.7,126.5,136.3,132.3,130.8,125.7,"128.4",130.3,135.6,131.5,128.7,127.5,121.1,132.1,128.1,135.7,125.5,131.6,134.8,123,128.6,130,125.1,129.3,138.4,128.3,123,133.4
"Rural",2015,"April",131.8,128.9,125.7,127.7,125.8,124.9,"126.4",125.7,137,134.8,128.2,125.8,129.7,125.5,125,127.2,127.1,133.7,134.3,121.6,128.8,124.1,124.6,124.9,129.3,128.4,115.5,130
"Urban",2015,"April",135.4,127.1,136,132.3,132.3,126.9,"129.6",131.9,135.7,131.3,130.2,128.3,122.5,131.1,128.5,137,127.4,131.1,136.1,125,130,129.9,125.4,130.4,139.1,128.9,126.3,133.7
"Rural+Urban",2015,"April",134.2,129.2,132.1,130,129.1,127.6,"129",130.1,137.9,137.1,131.6,127.5,128.9,127.3,126.3,131.4,128.2,136.1,134.6,124.1,130.4,126.1,127,129,131.4,129,124.7,131.6
"Rural",2015,"May",132.1,130.5,130.2,128.9,134.2,127.5,"126.7",134.3,137.1,132.1,133.4,131.2,114.3,144.2,128.1,130.9,124.7,136.3,118.6,127.8,134.9,121.8,121.9,117.7,127,129.2,119.6,133.8
"Urban",2015,"May",134,127.2,129.3,124.7,129.9,126.6,"126.6",128.4,135.7,134.8,128.2,129.5,122.9,122.8,130.7,132.4,127.5,136,126.9,125.3,129.8,132,130.7,125.4,124.6,129.2,126.9,132.8
"Rural+Urban",2015,"May",132.9,129.9,129.9,126.7,131.8,127.2,"126.7",132.3,136.4,133,131.2,130.1,117.1,138.8,129.4,131.3,126,136.1,120.9,126.9,132.7,126.8,130.3,119.8,126.1,129.2,123.6,133.1
"Rural",2015,"June",135.8,126.6,138.3,139.1,131.5,126.4,"128.9",132.5,135,129.3,127.8,130.2,119.9,139.4,134.3,136.4,124.5,130.1,134.6,124,128.6,132.5,134.5,130.4,143,129.6,128.3,137.4
"Urban",2015,"June",133.7,131.9,133.7,131.3,136.1,130.1,"128.4",136.4,138.2,133.6,135,132.8,114.4,145.3,129.9,132.9,126.2,137.3,119.9,130.1,136.2,122.2,125.1,117.9,129.7,130,122.7,134.3
"Rural+Urban",2015,"June",134.9,128.4,134.5,132.4,130.1,127.3,"131",133.6,135,130.7,128.8,127.3,126.1,131.8,126.5,135.7,128.4,130.2,136.7,125.2,131.5,129.4,125.5,128.1,136.6,130,126.5,131.9
"Rural",2015,"July",135.1,128.2,135.6,131.8,131.3,127.2,"130.2",132.4,135.3,130.7,129.7,127.7,124.7,131.8,127.7,136.2,128.2,130.3,136.5,125.5,130.8,129.9,125.4,130.4,137.4,130.1,128.4,132.7
"Urban",2015,"July",135.4,129.4,134.7,132.4,130.2,128.1,"131.7",134.9,134.8,130.8,129,128.3,128.4,132.1,127.5,136.2,128.5,130.9,138.1,125.8,132.2,130.8,126.2,128.8,138.3,130.1,124,131.7
"Rural+Urban",2015,"July",134.4,130.7,131.4,130.3,129.7,129.8,"130",132,138.4,137.7,132.1,128.5,130.2,128.2,126.4,131.6,130.4,136.7,135.4,126.6,132,129.2,128.5,129.7,131.2,130.2,127.3,132.5
"Rural",2015,"August",133.9,131.3,133.4,128.7,133.5,129.5,"128.3",134.6,137.6,134.3,133.2,131.3,117.7,139.9,130.8,133.2,127.8,136.7,122.4,129.3,133.9,127,133,121,128.5,130.5,126.3,134.2
"Urban",2015,"August",137.2,127,141.4,140.3,134.5,127.7,"129.9",133.7,136.5,131.2,129.4,132.8,120.1,136.1,134.9,138.9,126,131.8,135.7,124.9,130.2,134.3,136.9,134.4,143.9,130.7,128.3,140.3
"Rural+Urban",2015,"August",134.3,131.9,130.5,130.4,128.8,130,"130.2",130.9,138.6,137.8,131.9,128.5,131.5,128.4,126.5,130.2,129.4,136.4,136.8,127,132.5,130.1,129.7,127.9,128.8,130.9,126,132.3
"Rural",2015,"September",137,127.5,140.3,140.8,136.8,129.1,"131.1",135,136.3,131.2,130.6,134.4,121.8,134.2,135.3,140.3,128,131.2,137.3,126.8,131.8,135.7,139.3,135.2,143.8,131.1,129.2,141.6
"Urban",2015,"September",135.4,134.3,135.4,133.9,138.1,132.1,"130",138.8,138.9,134.8,136.9,134.4,114.8,145.5,129.6,133.7,128.2,138,120.7,131.6,138.3,123.6,126,119.4,130.9,131.2,124.5,136.6
"Rural+Urban",2015,"September",134.7,129.3,134,132.5,129.7,128.2,"132.4",134.2,134.5,130.9,129.4,128.1,131.6,131.6,127.9,135.3,128.4,130.9,138.6,126.2,131.6,131.2,126.6,128.5,139.6,131.2,123.2,131.2
"Rural",2015,"October",134.3,128.7,132.7,126.2,131.3,128.6,"127.8",131.1,137,135.9,130.8,130.5,124.6,124.1,131.5,134.2,129.5,136.2,129.1,127.9,130.9,132.1,133.4,129.1,126.4,131.4,129.4,134.1
"Urban",2015,"October",135.6,133.6,134.9,130.9,135.1,131.1,"129.9",136.5,138.5,135.6,135.1,132.9,118.6,140.4,130.8,134,129.6,137.4,123.4,130.7,135.8,128.3,134.1,122.5,130.2,131.9,126.1,135.7
"Rural+Urban",2015,"October",135.6,132,132.6,130.9,128.6,131.1,"130.7",132.8,139.3,138.4,133.1,129.6,132.3,128.4,126.2,131.7,129.6,137.9,138,128.6,134.8,133,133.3,129,130,132.3,124.2,134.3
"Rural",2015,"November",134.1,128.1,132.3,132.5,128.3,127.7,"132.5",132.7,134.4,130.8,128.5,127.7,135.8,131.7,127.9,133.5,127.4,131,138.2,124.9,129.9,132.5,125.5,127.5,140.5,132.7,121.4,130.9
"Urban",2015,"November",137.2,128.7,138.7,141.6,136.2,130.1,"132.6",137.5,135.4,130.5,129.7,133.5,126.5,135,130.7,138.9,129.8,130.4,138.2,127.7,133.7,134.3,141.1,136.6,142,132.8,130.2,139
"Rural+Urban",2015,"November",137.5,129.7,139.1,142,136,131.3,"133.4",138.9,134.6,130.5,129.7,134.6,129.6,135.3,132.3,139.7,130,131.2,140,128.6,134.4,136.2,142.9,137.1,144.7,132.9,129.3,138.2
"Rural",2015,"December",136.8,128.5,139.8,141.2,137,129.9,"131.8",135.8,135.9,130.5,130.7,134,124.6,134.9,133.9,139.4,129.4,130.7,137.4,128,133,135.5,141.3,139.4,142.3,133,130.1,141
"Urban",2015,"December",133.9,127,131.6,132.8,128.1,127.4,"132.4",131.7,134.8,132.1,127.8,127.4,138.4,132,128,132.4,127.2,131.7,137.1,124.5,129.3,133.3,124.9,127.4,141.5,133,120.8,131.4
"Rural+Urban",2015,"December",135.9,130.5,134,128.1,132.6,129.4,"129.5",132,138.2,137.4,132.7,132.1,126.4,125.3,131.8,134.8,131.1,137,130.6,129.2,132.5,133.3,134.5,130.8,129.1,133.2,127.4,135.4
"Rural",2016,"January",134.6,126.1,131.3,132.4,128.6,128.1,"132.6",130.8,135.4,133.6,127.6,127.8,138.7,131.9,128,132.2,127.7,132.5,137.5,124.5,129.4,133.2,125.1,128,143.2,133.5,121.1,132
"Urban",2016,"January",135.8,132.7,133.9,128.7,132.1,129.6,"130.2",132.5,138.8,138.1,133.4,132.3,128,126.4,133.6,135.4,131.8,137.4,134.7,129.4,133.7,133.3,135.3,128.8,128.1,134.2,127.6,135.7
"Rural+Urban",2016,"January",136.6,131.6,133.7,132.5,128.2,133,"131.8",132.2,139.1,138.5,134.3,130.1,133.1,129,127.9,132.1,130.4,139,139.5,129.5,134.7,133.4,133,128.5,127.6,134.2,132.1,135.4
"Rural",2016,"February",134.5,126.4,131.4,133.2,129.2,127.6,"132.5",131,136.2,134.1,127.8,128.2,138.6,131.3,127.6,132.5,128.3,133.1,137.1,124.8,129.2,131.3,126,127.3,144.7,134.4,120.7,131.7
"Urban",2016,"February",137,132.4,134.8,131.4,129.4,132.4,"131.5",132.9,140.2,140.2,135.2,130.4,133.6,129.1,127.8,132.7,130.9,140.1,139.7,131,135.7,133.5,134,129.7,129.1,134.4,130.4,135.2
"Rural+Urban",2016,"February",136.8,136.1,137.2,132.8,135.6,133.1,"132.2",138.7,140.1,137.1,136.8,133.6,119.2,142.7,132.5,135.4,131.3,138.1,129.9,132.5,138.3,127.7,135,123.2,130.9,134.5,126.9,136.6
"Rural",2016,"March",136.5,134.8,134.5,130,132.3,130.4,"132.4",135.8,141.2,141.3,132.8,132.1,130.6,127,136.8,138,131.9,138.4,140.4,128.8,137.3,134.4,135.9,127.3,128.7,134.5,127.6,136.1
"Urban",2016,"March",136.6,129.6,138.3,142.9,135.8,131.4,"134",138.1,134.2,130.8,129.9,134.6,133.6,134.6,132.9,138.5,129.8,131,139.9,128.7,133.7,136.7,143.7,136.1,147.4,134.5,133.1,137.5
"Rural+Urban",2016,"March",135,131.2,133.8,132.2,127.6,132.1,"132.7",131.5,139.3,139.7,133.5,130,132.7,128.2,127.7,131,129.4,137.9,138.7,129,136.5,132.4,130.4,127.9,129.2,134.5,128.8,134.3
"Rural",2016,"April",136.8,135,134.4,130.3,132.7,130.6,"132.8",134.3,141.5,141.4,133.2,132.7,130.5,127.5,136.3,137.7,132.3,138.9,141.7,129.2,136.8,134.5,135.9,127,128.6,134.6,127.2,136.2
"Urban",2016,"April",136,130.7,134,132.3,127.5,132.1,"131.3",132.3,139.3,139.1,134,129.9,132.3,129.4,127.8,132,130.5,138.5,139.1,129.4,135.5,133.7,131.4,128,127.8,134.6,130.9,134.8
"Rural+Urban",2016,"April",137.5,136.9,138.8,137.3,139.8,135.1,"132.6",141.9,141.4,136.6,139.2,135.7,114.9,148.2,131.2,135.4,130.8,139.1,128.1,134.3,141.9,122.4,129,121.1,132.5,134.7,126,139.1
"Rural",2016,"May",135.3,131,133.2,132.1,127.2,132.1,"131.7",131.3,139,138.8,133.2,130.1,132.5,128.5,127.2,131,129.7,138,138.9,128.9,136.6,133.4,130.4,128.4,127.8,134.7,129.2,134.5
"Urban",2016,"May",134.6,127.4,131.9,133.6,130.1,128,"133.3",131.7,136.6,134.7,127.7,128.7,138.3,131.8,128,133.3,128.3,133.3,138.1,125.2,129.5,130.6,126.4,130.5,145.5,134.8,120.8,131.5
"Rural+Urban",2016,"May",136.2,134.4,135,128.8,134.3,130.9,"131.9",134.9,139.5,139.1,134.4,133,129.9,126.9,134.3,137.1,132.4,137.9,137.7,130.1,135.8,134.2,136.6,130.5,129.8,135.1,128.7,135.8
"Rural",2016,"June",137,139.4,138.8,135.3,136.5,132.7,"134.4",138.8,140.8,139.6,137.4,134,120.5,147.9,140.8,136.1,131.7,139.3,137.3,133.8,141,128.9,135.6,124.1,132.2,135.3,127.9,137.8
"Urban",2016,"June",135.3,132.3,134.6,132.8,128.6,133.1,"133.8",132.3,140.3,141.2,134.1,131.2,133.6,128.4,128.4,131.2,130.5,139,139.4,129.5,136.6,134.2,132.8,129.1,130.7,135.4,132.8,135.4
"Rural+Urban",2016,"June",136.9,135.4,134.6,129.5,132.9,130.7,"132.6",136.2,141.1,140.5,133.9,132.4,131.3,126.7,136.5,138.5,131.7,138.6,142.1,129.2,136.9,136.7,135.8,128,128.6,135.5,127.6,136.3
"Rural",2016,"July",136.6,128.9,133.1,134.5,131,128.8,"133.7",132.1,137.7,136.8,128.9,130.2,138.3,131.4,128.3,134.9,128.1,134.4,138.3,125.4,130.1,131.8,125.3,131.2,147.7,135.5,125,132.8
"Urban",2016,"July",135.4,128.2,132.2,133.4,130.4,128,"133.3",131.5,136.9,135.2,128.1,129.3,138.4,131.7,128.1,134,128.4,133.7,138.5,125.5,129.6,131.3,125.3,130.1,145.6,135.6,123.2,131.8
"Rural+Urban",2016,"July",137.1,140.4,140.9,140.6,141.2,134,"134.8",141.1,140,138.7,140.4,136.3,115.6,154.8,146,135.6,131.2,139.8,135.6,136.4,144.3,123.5,129.8,123,134.3,135.7,128.7,142.4
"Rural",2016,"August",136.8,136.9,134.6,130.7,133.4,131.4,"133.7",135.2,141.9,141.9,134,133.7,130.9,129.4,136.1,137.4,133.3,139.2,143.4,130.2,136.8,134,137.3,128.4,129.2,135.7,127.1,137.1
"Urban",2016,"August",137.2,138.9,139.7,133.2,137.6,134.4,"133.5",141.5,140.6,137.9,138.3,134.5,120.3,145,134.8,137.6,132.3,139.1,135.5,133.2,141,129.1,136.3,126.8,132.2,135.9,128.1,137
"Rural+Urban",2016,"August",137.5,135.7,136.8,129.1,134.2,132.1,"133.6",138.3,140.1,140.3,134.9,133.5,131.1,127.4,136.2,141.5,133.1,138.8,141.1,131.8,137.8,135.6,138,129.8,129.3,135.9,128.1,137.4
"Rural",2016,"September",137.3,139.7,139.1,136.2,136.9,133.4,"135.3",139.6,141.3,140.3,137.8,134.9,120.5,150.7,140.7,136.2,132.6,139.6,140.1,134.8,141.7,129.7,137,123.8,132.4,136.1,128.1,138.5
"Urban",2016,"September",136.3,132.8,135.4,134,129.3,133.4,"133.9",132.7,141.1,142.7,134.9,131.6,134.3,129.8,129.5,132.5,130.9,139.8,139.4,131.1,137.5,135.1,131.8,129.5,133.1,136.1,134.5,135.9
"Rural+Urban",2016,"September",137,139.7,139,134.7,136.4,132.6,"134.6",139.9,140.7,139.1,137.3,133.6,120.6,148.8,140.4,138.5,131.3,138.8,137.4,133.5,142.2,130.2,135.7,123.8,131.9,136.2,127.6,137.6
"Rural",2016,"October",137.6,139.8,142.2,143.1,141.8,135.6,"136.3",141.8,141.6,141.4,140.7,137.5,116.2,159.2,144.9,136.4,132.5,140.9,142.3,138.4,146.2,128,130.9,122.2,136,136.2,130.1,143
"Urban",2016,"October",138.9,129.9,138.7,136.2,133.8,130.8,"135.1",136.1,139.1,138.3,131.8,131.6,139.1,131.9,129,137.2,130.2,136.7,138.8,127.2,131.6,133.3,127.6,131.5,148.7,136.2,129.4,134.1
"Rural+Urban",2016,"October",137.9,139.7,139.7,134.5,136.7,133.1,"134.7",141.6,141.1,138.7,137.7,134.1,120.8,148.3,138.7,139.9,131.4,139.5,137.4,134.2,142.5,131.5,135.6,124.6,132.3,136.3,127.5,138
"Rural",2016,"November",137.7,140.4,141.3,142.1,141.2,134.6,"135.7",141.8,140.6,139.5,140.5,137,115.4,158,146.1,135.8,131.9,140.2,138.9,137.4,145.4,125.5,131,122,134.2,136.3,129.3,142.5
"Urban",2016,"November",137.9,140,142,138,141.6,136.4,"133.8",144.8,141.7,137.4,141.1,137,115.7,151.2,135.4,137.8,132.2,140.6,134.7,134.9,145,124.2,130.8,125.4,133.6,136.4,127.3,140.5
"Rural+Urban",2016,"November",137.8,139.4,139.9,137.1,138,134.4,"136",140,142.4,142.1,138.3,135.8,121.2,152.1,140.5,137,133.3,140.8,142.8,136,142.8,130.8,138.2,124.2,134.5,136.6,129,139.3
"Rural",2016,"December",138.6,140.7,142.2,139.8,141.4,134.5,"135.1",144.4,141.1,137.9,140.5,137,115.7,155.6,141.2,140.4,131.1,140.6,135.6,137,146.9,126.5,131.7,123.3,134.5,136.7,127.4,142.9
"Urban",2016,"December",136.3,128.5,136.4,142.4,134.8,131.1,"134.3",136.8,134.2,130.7,129.4,134.2,139.8,134.7,133.6,136.3,129,131.1,139.8,127.8,132.1,138.8,140.6,133.5,149.9,136.7,131.9,135.2
"Rural+Urban",2016,"December",138.6,141.2,141.8,134.5,138.3,135.6,"136.1",144.8,141.2,139.2,139,135.2,121.1,147.3,137.5,142.8,133.6,139.9,137.6,136,143.8,130.7,137.7,127.4,132.5,136.8,127.9,139
"Rural",2017,"January",138.5,139.8,141.3,143.6,142.5,136.3,"136.3",142,142.4,142.6,141,138.5,116.2,160.8,143.9,139,133.2,142,142.4,138.7,147.2,129.6,131.4,121.3,136.4,136.9,130.1,144.7
"Urban",2017,"January",137.4,140.8,141.2,139.8,141.3,133.9,"135.1",141.9,140.1,138.1,140.6,136.2,115.7,156.2,144.5,138.7,130.8,139.3,136.3,136.2,146,126.1,130.6,122.5,133.7,137.2,127.6,141.9
"Rural+Urban",2017,"January",138,137.9,135.2,131.5,134.9,132.4,"134.7",136.4,143.2,143.6,135.1,134.8,131.6,131.1,136.7,138.9,134.1,140.7,144,131.8,138.4,133.8,138.5,129.6,131.8,137.2,128,138
"Rural",2017,"February",135.9,127.1,135.5,142.9,134.1,130.6,"134.2",135.6,134.7,132,128.5,133.6,143.3,134.9,134.2,134.9,128.4,131.8,138.6,127.4,131.1,139.6,138.1,132.2,151.8,137.2,131,136.8
"Urban",2017,"February",138.7,139.6,139.8,137.6,138.8,135,"136.1",140.6,143.5,143.5,138.9,136.7,121.6,153.8,141,139.3,133.8,141.9,143.1,136.4,143.6,132.7,140.8,123.7,135,137.3,129.8,141.2
"Rural+Urban",2017,"February",136.6,131.9,136.9,135.1,130.9,135.3,"134.9",134,141.8,143.5,136.5,132.5,134.3,130.8,129.7,132.2,132.3,140.6,140.2,131.3,137.2,136.4,133.3,132.1,133.7,137.3,135.3,137.6
"Rural",2017,"March",139.4,142.5,144.2,140.3,143.3,137.6,"136.6",148.1,142.3,138.7,142,138.1,116.3,154.1,139.1,143.2,134,141.4,136.3,138.4,148.5,126,132.4,126.5,134.4,137.4,127.7,143.6
"Urban",2017,"March",138.8,132,138.8,136.1,134.7,132.7,"136.5",138.6,139.6,138.9,132.5,132.9,141,132.9,128.7,138.4,132.6,137.4,139.6,129.5,134,134.3,129.2,133.4,149.5,137.6,131.9,134.7
"Rural+Urban",2017,"March",136.6,126.4,135,141.6,135.1,131.5,"134.4",134.8,135.2,133.8,128.2,134.1,143.4,134.7,134.2,134.6,129,132.6,139.2,127.3,130.9,140.3,138.2,133.5,153.9,137.8,129.5,136.9
"Rural",2017,"April",139,139,136.6,132.1,135.7,132.9,"135.4",137.8,144.6,145.3,135.9,135.6,132.9,133.1,138.5,140.3,134.4,141.8,145.1,132.3,138.9,136,141.3,129.9,132.6,137.9,129.6,140
"Urban",2017,"April",136.3,126.6,135.3,143.6,135.2,130.6,"134.1",134.9,136,134.5,128.1,134.1,142.9,134.1,133.9,134.8,129.7,133.3,138.4,127.4,130.5,137.9,138,133,156.2,138.4,129,136.5
"Rural+Urban",2017,"April",136.7,127.1,135.8,143.5,135.9,130.8,"134.9",135.4,136.2,135.1,127.7,134.8,142.7,134.8,133.7,135.9,129.6,133.6,139.4,127.6,130.6,136.9,138.1,140.4,156.4,138.6,129,136.2
"Rural",2017,"May",138.1,132.8,139.3,135.4,132.5,135.7,"135.7",136.3,142.6,144.5,138.4,132.9,135,132.1,130.2,134.8,133.1,141.2,142.1,133.2,137.8,136.4,134.5,132.1,133.6,138.6,133.7,137.8
"Urban",2017,"May",139.7,142.5,142.5,144.6,144.1,137.8,"137",143.9,143.7,143.2,142.1,139.6,116.6,165.3,145.7,142,134.4,143.2,144.2,139.3,147.8,133,131.2,122.8,137.6,138.8,133.9,145.2
"Rural+Urban",2017,"May",140.1,142.1,141.1,138.6,140.2,136.5,"136.9",142.2,145.7,144.5,140.3,137.8,122.4,157.4,142.2,142.2,134.8,143.1,145,137.1,144.5,134.3,141.8,124.9,136.6,138.9,133,142.4
"Rural",2017,"June",138.4,133.2,137.8,136.8,133.9,132.9,"136.4",137.3,138.9,139,132.1,132.8,143.2,134.5,129.7,136.9,132.3,137,140.8,129.8,134.2,134.7,130.4,131.4,149.3,139,130.9,133.9
"Urban",2017,"June",140.6,140.2,138.3,133.1,136.9,134.3,"136.6",138.8,147.5,147.2,137.8,136.8,134.3,134.2,139.1,142.6,135.3,143.1,147.2,133.1,140.2,135.7,142.3,130.6,134.8,139.2,132.3,141.5
"Rural+Urban",2017,"June",142.3,144.7,145.8,146.7,146.6,140.5,"139.3",145.8,146.4,146.4,144.4,142.5,116.9,167.4,146.2,145.8,136.9,146.2,146.8,141.1,149.8,133.6,133.8,125.4,139.1,139.5,138.1,149.4
"Rural",2017,"July",137.5,128,136.3,142.4,136.3,130.8,"134.8",135.1,136.7,135.4,128.1,136.2,142.5,134.5,132.9,136.7,129.5,133.6,140,127.8,130.4,138.8,137.5,140.5,157.3,139.5,131.3,137.2
"Urban",2017,"July",138.9,129.1,137.2,143.7,137.1,131.7,"135.2",135.5,138,137.2,128.9,137.3,142.6,133.9,132.9,137.4,129.5,134.4,139.7,127.6,131.2,138.9,136.6,141.3,159.8,139.6,130.4,137.6
"Rural+Urban",2017,"July",138.8,134.6,139.4,134.5,132.9,136.1,"137.1",136.8,143.2,145.3,139.1,133.7,136.8,132.6,130.2,136.1,133,141.3,143.5,133.9,138.6,134.4,134.8,132.7,133.4,139.6,135.6,138.3
"Rural",2017,"August",142.9,144.1,144.4,140.8,142.6,139.1,"138.9",144.6,148.2,147.3,142.7,140.4,122.9,159.3,142.3,145.6,137.6,145.7,147.6,139,146.4,135.1,144.3,127.8,138.4,140,137.7,145.4
"Urban",2017,"August",141.6,130.1,142.8,146,139.9,133.6,"136.4",139.8,140.6,138.9,131.9,139.6,143.8,133.9,133.3,139.5,131.9,137.5,140.2,129.1,132.6,140.8,137.9,136.6,161.2,140.1,134.3,141.3
"Rural+Urban",2017,"August",139.4,137.1,138.1,134.4,132.4,134.7,"136.5",138.1,145.2,144,138.8,134.5,140.9,133,130,136.2,133.2,142.5,145.6,133.5,138,141.1,135.5,131,134,140.2,137,141.5
"Rural",2017,"September",139.4,137.1,138.1,134.4,132.4,134.7,"136.5",138.1,145.2,144,138.8,134.5,140.9,133,130,136.2,133.2,142.5,145.6,133.4,138,141.1,135.5,131,134,140.2,137,141.5
"Urban",2017,"September",140.3,134.3,139,137,133.5,133.4,"137.1",139.2,139.6,139.7,133.1,133.9,144.8,134.8,130.1,138.6,132.6,138.4,142.4,130,135.9,136.1,133.7,131.9,149.9,140.5,128.5,135.8
"Rural+Urban",2017,"September",138.9,138.4,139.6,134.3,133.1,136.4,"137.1",137.7,143.5,144,138.8,133.8,138.7,132.8,130.9,136.9,134.3,141.2,143.7,134.4,139.5,134.7,136.3,130.7,134.5,140.7,136.2,139
"Rural",2017,"October",143.7,141.6,141.5,135.4,139.3,136.7,"137.3",142.2,149.9,149.1,140.4,139.1,135.2,135.5,138.9,145.2,138.4,145.3,149.6,135.2,142.1,136.6,144.8,134.2,137.1,140.8,137.3,144
"Urban",2017,"October",143,146.2,148.6,148.9,148.5,141.6,"140.5",147.5,147.1,147.9,146.2,143,117.1,169.9,147.5,149.4,139.3,146.9,147.6,143.3,150.8,133,134.9,128.2,142.2,140.9,138.5,147.7
"Rural+Urban",2017,"October",143.6,145.6,147,143,144.1,140.4,"140.2",146.2,149,149.2,144.3,140.9,123.5,161.5,143.3,149.1,139.3,146.6,148.6,140.8,147.4,135.6,144.8,129.9,140.9,141.1,140,145.5
"Rural",2017,"November",144.6,143.2,143.6,137.5,140.5,138.3,"138.6",143.7,150.8,151.8,141.7,139.6,136.7,136.7,139.7,148.4,139.4,146.3,151.1,136.4,143.1,138.4,145.3,134.5,138.6,141.4,141.3,144.7
"Urban",2017,"November",139.4,137.7,139.7,134.2,132.9,136.3,"138",138.6,145,144.3,140.4,134.9,139.7,133.1,130,137.2,135.3,142.1,145,135.2,139.5,137.3,136.6,131.9,135,141.5,139.8,140.5
"Rural+Urban",2017,"November",144.2,144.7,142.5,135.4,139,137.5,"138.1",141.7,150.8,152.1,140.4,139.8,137.2,139,141.7,147.5,138.5,148.1,152,134.7,142.7,140.3,144.5,133.7,138.5,141.6,133.1,144.9
"Rural",2017,"December",141.3,132.3,143.4,145.2,141.3,135.2,"137.9",142.7,140.9,139.6,132.8,141.5,146,135,132.2,141.1,134.3,138.3,141,131.3,135.7,139.6,140.6,140.7,162.6,141.6,136.7,141.3
"Urban",2017,"December",142.5,147.8,148.6,148.3,148.2,142,"140.7",147.7,146.4,148.1,146.6,143.5,117.5,171.5,145.3,151.5,139.9,146.6,148.9,143.5,151.5,134.8,138.4,128.2,142.7,141.9,138,146.8
"Rural+Urban",2017,"December",142.9,147.2,146.3,141.9,143.4,140.8,"140.2",146.1,148.2,149.1,144.2,140.9,124,163.1,142.1,150.6,139.7,145.9,149.5,140.7,148,136.5,145,129.6,140.8,141.9,139.4,144.6
"Rural",2018,"January",143.5,144.4,141.7,135.9,139.4,138.7,"138.1",143,149.9,151.2,140.9,139.4,137.3,138.3,139.4,147.8,139.5,145.4,151,135.8,143.4,138.3,145.3,133.4,137.5,142,140.6,143.9
"Urban",2018,"January",142.9,148.1,147.3,148.8,148.3,142.2,"141.8",147.9,147.2,147.7,146.6,143.6,117.4,174.3,145.7,150.4,140,146.7,149.7,143.9,151.9,135.4,137.1,127.9,142.8,142,138.1,148.1
"Rural+Urban",2018,"January",141.4,136.3,138.2,139.2,132.9,133.8,"138.8",139.1,139.8,141.4,133.7,134,152,136.8,131.9,139,134.1,139.4,143.3,132.2,137.7,138.8,131.9,131.1,148.6,142.1,131.4,136.7
"Rural",2018,"February",143.7,146.8,146.3,141.9,143.3,140.3,"141.2",146.1,149.4,149.1,144.3,141.5,123.9,166,143.7,149.4,139.3,148,150.8,140.3,147.9,138.9,144.1,130.1,141.3,142.2,135.7,146.1
"Urban",2018,"February",143.2,147.5,145.5,142.2,143.4,140.7,"141.2",146.2,148.9,148.8,144.2,141.1,124,165.5,143.8,149.6,139.7,146.2,150.4,140.9,148.2,137.3,144.3,129.4,141,142.3,137.6,144.9
"Rural+Urban",2018,"February",142.6,137,139,140.1,133.5,134.8,"139.5",139.9,139.8,141,134.1,134.2,149.2,136.6,132.1,139.5,134,140.1,143.3,132.3,137.6,138.5,133.6,132.1,148.2,142.4,133.3,136.9
"Rural",2018,"March",142.9,136.8,141.1,139.8,134.2,134.9,"138.8",140.5,141,141.5,135.1,134.9,146.4,136.3,131.8,140,134,140.8,144.1,132.1,137.6,138.8,134.5,133,149.6,142.5,134.3,137.1
"Urban",2018,"March",139.4,137.1,137.6,134.5,132.5,134,"136.4",138.5,146,144.3,138.7,134.3,139.8,133.2,130,136.1,132.7,142.3,144,132.6,138.3,140.3,135,131.6,134.2,142.5,131.9,141.4
"Rural+Urban",2018,"March",143.4,147.3,148.1,148.9,148.6,141.9,"141.9",148.3,147.9,147.6,147.2,144.3,117.5,175.2,146,150.1,140,147.8,150.3,143.5,152,137.6,136.8,128.8,142.9,142.6,138.9,149.6
"Rural",2018,"April",139.7,135.6,137.6,139.7,132.1,133.5,"138.6",137.8,139,141.1,132.7,134,151.5,136.3,131.9,137.9,133.2,138.9,142.8,131.3,138.2,138.5,130.8,131.9,149,142.6,130.6,136.4
"Urban",2018,"April",139.5,135.9,137.3,139.5,132.7,133.7,"138.2",138,139.3,141.5,133,133.8,153.5,136,132.3,137.9,132.9,139,143.5,130.6,138.8,137.8,130.8,131.3,148.2,142.7,130.5,136.1
"Rural+Urban",2018,"April",143.6,145.1,141.7,136.1,139.3,138.1,"138.2",142.9,150.4,151.2,141,139.7,137.6,139.5,142.2,147.2,139.3,145.8,152.1,135.5,143.3,139.2,144.6,133.2,137.9,142.9,137.2,143.8
"Rural",2018,"May",140.8,133.6,142.4,146.9,140.5,135.5,"137.8",141.3,139.2,139.7,132.3,141.2,148.6,137.2,134.8,139.5,134.6,137.8,142.2,131.4,135.8,139.4,141.3,138.3,164,143.4,136,138.7
"Urban",2018,"May",141.1,137.5,138.5,140.7,134.2,134.6,"138.3",139.4,140.6,143.7,134.1,135.3,155.3,136.3,132.6,139.8,134,140.7,143.7,131.7,140.2,139.8,132.2,131.8,150.1,143.5,131.8,137.8
"Rural+Urban",2018,"May",141.1,137.4,138.5,140.5,134.2,134.5,"138.2",139.4,140.7,143.5,133.9,135.3,155.3,136.1,132.6,139.8,134,140.8,144.1,131.7,140.2,139.8,132.2,131.8,150.1,143.5,133.3,137.8
"Rural",2018,"June",139.9,137.7,137.6,134.7,133.1,134.6,"136.7",139.3,146.3,145.7,139.5,134.8,141.5,133.4,130.1,136.3,132.2,142.1,143.5,132.7,139.2,140.6,135.1,132.4,133.8,143.7,132.8,142.1
"Urban",2018,"June",141.3,138,140.1,141,135.5,136,"138.2",140.6,141.6,144.7,135.4,136.1,155.3,137.1,132.9,140.5,135.3,141.7,144.8,132.2,140.3,140.5,133.7,133.4,150.2,144.4,134.6,139.5
"Rural+Urban",2018,"June",143,134.9,143.1,146.7,139.9,135.5,"138.5",143.1,140,140.4,133.1,142.5,150.6,137.7,136.2,141.3,135.1,139,143.9,130.8,136.9,139.3,140.8,137.8,164.2,144.9,132.9,140.1
"Rural",2018,"July",140.3,138.8,138.5,135.6,134.2,135.5,"137.9",140.3,147.3,146.6,140.6,135.3,143,133.3,131.4,137.7,133,143,144.3,134.5,141.3,139.9,136,133.5,135.9,144.9,133.4,142.9
"Urban",2018,"July",142.7,139.2,142.1,141.1,136.8,137.2,"138.9",143.1,142.2,145.7,136.9,136.6,155.4,138.2,133.2,142.5,136.6,142.3,146.3,134,141.2,141.7,135,134.7,150.7,145.6,135.4,139.8
"Rural+Urban",2018,"July",143,140,143.4,141.2,137.4,138,"139.9",143.4,142.5,146.2,137.5,137.2,155.8,139.2,133.1,143.2,137,142.4,147,134.4,142.5,140.4,135.4,135.6,151.2,146.1,137.3,140.2
"Rural",2018,"August",144.6,137.8,140.8,150.2,139.9,135.3,"140.5",143.3,140.3,142.6,133.5,142,161.1,140.2,138.3,141.7,137,140.7,144.7,133.9,139.7,144.1,140.5,137.3,163.6,146.2,132,142.4
"Urban",2018,"August",146.1,138.4,142.4,152.2,140.4,136.3,"141.2",144.7,140.6,142.4,133.9,142.3,156.6,140,138.8,142.4,137,141.6,144.6,133.9,140.2,143.7,143.5,139.3,163.1,146.8,134.6,141.3
"Rural+Urban",2018,"August",146.3,137.9,145.1,153,140.4,137.1,"140.4",145.2,141.9,142.2,135,143.8,152.3,139.6,138,142.9,136.6,141.7,145.6,132.7,139.3,144.2,142.9,139.6,164.3,146.9,138.4,142.6
"Rural",2018,"September",142.3,136.8,140.3,151.8,138.5,134.8,"140.1",141.8,139.1,142.4,132.3,141.8,160.3,139.8,139.3,140.6,136.1,140.1,144.1,132.8,139.7,143.8,138.1,139,164.2,146.9,132.1,141.9
"Urban",2018,"September",140.9,140.9,144.4,141.5,137.3,138.4,"138.7",142.7,142.7,144.5,137.2,137,157.2,139.1,133.9,143.4,138.1,141.8,149.2,134.7,142.5,140.5,136.8,134,150.4,146.9,139.9,140.4
"Rural+Urban",2018,"September",144.4,142.6,142.7,139.2,137.2,138.2,"140.9",143.1,150.3,150,143.1,137.8,146.1,136.9,134.1,141.1,135.7,147.2,146.7,137,141.7,140.3,138.6,137,141.5,147,141.7,147
"Rural",2018,"October",139.7,143.4,139.3,140.1,135.9,135.1,"135.8",143,145.2,146.7,137,137.1,158,137.1,133.5,140.3,138.2,143.5,149.2,135.5,141.6,149.6,135.8,133.9,140.3,147.1,138.9,141.9
"Urban",2018,"October",142.1,137.1,139.5,151.1,139.3,135.2,"139.4",142,139.2,142.5,132.6,141.4,163.2,139.5,139.5,140.6,135.7,140.6,145.2,131.5,140.8,143.3,138.3,138.1,161.9,147.2,132.3,141.2
"Rural+Urban",2018,"October ",144.8,144.6,144.1,140.2,138.3,139,"141.5",144.3,151.1,150.1,144.5,138.9,147.3,139.4,134.8,142.2,136.7,148,147.7,138.6,142.5,142,138.7,137,142.2,147.2,139.1,147.4
"Rural",2018,"November",139.7,142.7,138.8,139.2,135.3,134.2,"135.5",142.2,145.8,147.8,136.6,136.5,158.2,136.6,133.5,138.9,137.3,143.4,147.7,134.9,140.8,149.5,135.2,133.2,139,147.3,134.8,141.5
"Urban",2018,"November",142.4,137.9,139.4,152,140,135.3,"139.7",142.9,139.8,143.1,132.7,141.9,165.7,139,138.7,141.3,136,141.3,145.7,131.4,141.4,145,139,135.6,161.3,147.6,131.8,141.5
"Rural+Urban",2018,"November",143.9,138.6,140.4,150.9,140.7,135.5,"139.2",143.5,140.2,143.9,133.2,142.7,165,139,137.5,142.7,136.5,142.3,145.8,132.1,142.6,144.7,139.4,136.3,162.3,147.6,132,143.3
"Rural",2018,"December",143.2,141.4,141.7,136,136,137.4,"140.2",142.3,149.5,149.1,143.1,136.8,145.9,135.7,133.1,140.1,135.3,146.1,145.8,137.8,142.6,140.5,138.7,136.1,140.8,147.6,141.3,145.8
"Urban",2018,"December",140.2,142.8,138.5,139.7,135.6,134.2,"135.7",141.6,145.8,148.9,137.2,137,159.6,136.6,133.7,139,136.7,143.3,147.7,135,141,149.4,135.3,134.5,139,147.9,135.6,141.8
"Rural+Urban",2018,"December",140.3,142.9,138.5,140.5,136.2,135.1,"136.3",142.1,146.5,149.3,137.7,137.4,161.4,136.1,134.6,139.6,137.1,143.9,148.5,136,142.4,149.7,136.2,135.7,139.3,147.9,136.8,142.4
"Rural",2019,"January",144.1,139.6,142.1,150.3,141.6,136.6,"138.9",144.7,141.3,145.3,134.7,143.2,165,140,137.8,143.7,137.7,143.2,146.4,132.8,143,144.8,141,135.9,162.1,148.2,133.8,144.9
"Urban",2019,"January",138.8,142.3,142.5,141.5,137,137,"136.1",143.4,144.3,145.3,137.7,137.8,157.3,138.1,133.7,143.1,137.8,142.8,148.9,136.5,142.6,144.9,136.9,135.4,145.4,148.4,140.5,141.5
"Rural+Urban",2019,"January",145.4,140.9,143.9,150.1,142.3,138.6,"139.6",147.3,141.8,146.4,135.9,143.9,164.8,141,137.8,145.5,139.4,144,147.8,134.5,144.3,147.1,143.2,139.9,163.1,149.4,137.2,145.8
"Rural",2019,"February",140.3,144,138.5,148.2,138.8,134.8,"136",143.2,145.5,150.7,135.7,141.6,169.9,137.3,139.7,140.4,140.5,145.3,150,136.9,143.4,159.8,139.1,140.2,141.8,149.5,140.4,141.1
"Urban",2019,"February",145.5,141.4,146,151.7,143.3,139.7,"140.5",147.4,141.6,146.7,136.4,144.2,164.6,142.1,137.6,145.9,140.3,143.9,148.2,134.7,145.9,146.6,144.6,141.4,164,149.6,139,145.8
"Rural+Urban",2019,"February",145.4,146.5,144.2,141.4,139.8,139.4,"142.4",144.8,151.8,150.6,145.2,139.9,148.7,140.6,136.6,142.6,138.1,148.3,149,140.1,143.6,142.9,139.6,139.1,143.4,149.7,140.3,147.4
"Rural",2019,"March",143.9,144.8,142.5,143.1,138.5,138.2,"139.3",144,149.1,152.7,140.4,140,165.6,138,136.4,143.6,139.3,147.7,152.8,138.4,143.3,150.3,138.8,138,144.2,149.8,143.3,146.5
"Urban",2019,"March",139.9,144.2,139.5,146.6,139,134.3,"135.3",144.5,145.5,149.7,135.1,141,166.7,138.1,139.1,140,141,144.9,149,136.2,143.1,159,138.7,136.4,142.4,149.9,137.8,141.6
"Rural+Urban",2019,"March",144.2,146.8,143.2,144,139.6,139.7,"140.3",145.3,149.9,153,142.2,141.1,166,140,137.6,144.9,140.4,148.5,155.4,140.2,144.1,151.4,139,137.9,144.5,150.1,143.2,147.1
"Rural",2019,"May",140.4,144.1,139.1,147.6,138.9,133.9,"135.5",143,145.3,150.6,135.6,141.4,168,138,139.4,140,140.3,145,149.2,136.4,142.7,158.5,137.9,138.6,142.8,150.2,138.5,140.8
"Urban",2019,"May",142.1,141.5,147.4,152.9,142.8,140.1,"139.1",145.8,141.8,144.7,136.1,143.4,165.7,142,138.5,145.9,141.1,142.7,151.1,134.9,145.1,146.5,144.3,140.7,161.9,150.3,143.7,144.3
"Rural+Urban",2019,"May",142.1,144.3,140.7,140.9,137.4,137,"139",143,148.3,151.2,139.4,138.9,164.8,137.4,135.8,142.6,138.8,146.4,151.1,137.7,143.3,149,138.9,137.3,143,150.4,141.5,145.4
"Rural",2019,"June",145.9,148.8,144.3,141.6,140.2,139.9,"142.6",145.1,152.4,151.8,144.5,140.5,149.5,141,137.6,142.8,139.1,148.5,149.9,141.5,145.5,143.9,140.8,139.1,141.9,150.7,140,147.6
"Urban",2019,"June",139.8,145,140,149,140.4,135.5,"135.6",146,145.1,148.2,135.7,142.2,165.9,138.9,139,141.9,142.2,144.9,150.4,136.7,144.9,158.4,140.7,139.6,144.9,150.9,140.9,143
"Rural+Urban",2019,"June",143.9,148.1,142.8,145.8,141.1,141.1,"141.2",146.3,150.3,153.3,143.1,142.1,166.7,141.3,139.1,145.6,142.2,148.7,156.6,141.3,145.2,152.1,139.9,140.2,145.9,150.9,146.2,147.2
"Rural",2019,"July",143.6,145.4,142.3,149.4,140.3,138.2,"139",144.6,147.8,154.1,138.5,144.5,174.7,138.5,140.1,144.6,142.3,148.3,154.9,139.3,144.7,160.6,142.9,140,146.2,151.3,144.9,145.1
"Urban",2019,"July",139.7,144,140.6,142.3,137.4,137,"135.5",142.5,145.2,146.5,137.8,137.4,158.3,137,133.7,141,138.5,143.8,148.5,137.1,143.1,151.1,136.6,134.4,141.7,151.4,138.6,142.5
"Rural+Urban",2019,"July",143.1,148.5,141.9,152.7,142.8,142.6,"140.9",147.3,148.6,154.8,141.7,146.4,175.1,141.6,143.1,146.7,145.5,149.2,159.2,142,146.7,161.6,144.2,142.4,147.7,151.5,152.4,146.7
"Rural",2019,"August",143.9,147.4,142.6,149.9,141.4,140.4,"140",145.9,148.6,154.6,140.6,145.5,174.6,140.2,141.9,146,143.4,149.1,158.1,141.2,145.5,161.1,143.9,139.8,146.1,151.7,147.4,146.2
"Urban",2019,"August",144.4,150.3,143.4,145.9,141.6,142.1,"142.2",146.8,151,154.6,143.7,142.6,168.4,141.2,140.4,146.1,143.6,149.1,157.2,142.4,146.7,154,141.1,140.8,145.7,151.8,147.5,147.9
"Rural+Urban",2019,"August",141.5,145,140,148.6,139.3,136.7,"138.7",143.4,146.9,152.3,136.8,143.1,173.5,138.1,140,143.6,141.6,146.8,153,137.7,143.9,157.8,142.2,139.7,144.5,151.9,141.7,144.1
"Rural",2019,"September",138.5,143.5,144.2,153,142.4,137.7,"135.7",146.4,143.4,145.8,135.8,143.5,165.5,140.4,139.6,145.4,139.9,143.9,150.2,137.2,145.3,152.7,141.9,142.4,152.9,152.1,141.3,144.6
"Urban",2019,"September",143.5,150.7,142.8,152.6,143.4,144.1,"142.1",147.9,149.3,156.1,143.2,146.7,177.2,141.3,144.7,147.4,147.3,149.9,159.7,142.9,147.7,164.5,146.6,144.2,148.5,152.4,155.3,148.7
"Rural+Urban",2019,"September",147.1,149.4,145.5,142,140.9,141.2,"145.5",146.7,153.3,152.4,145.5,142,150.2,142.3,138.3,144.5,140.4,150.1,152.2,143.2,146.9,146.7,141.7,140.4,142.9,152.7,147.2,148.6
"Rural",2019,"October",145.6,151.2,145.3,146.3,142.5,143.4,"143.7",148.8,152,155.1,145.6,144,169.9,141.1,141.3,147.9,144.9,150.5,158.3,144.3,148.7,156,142.1,142.3,148.4,153.9,151.4,149
"Urban",2019,"October",149.2,149.9,146.5,143.9,141.2,141.4,"143.9",148.1,154.3,153.6,146.9,142.7,152.2,142.4,139.2,146.4,140.9,152.2,154.8,144.3,148.7,148.6,143.4,140.4,142.5,154.1,149.1,151.1
"Rural+Urban",2019,"October",150.2,150.5,146.3,147.5,141.4,143.3,"147",149.4,155.5,155,147.5,142.7,152.7,143.6,140.1,147.1,143,154.5,155,141.3,150.2,147.5,144.2,141.7,144,154.4,143.9,153.1
"Rural",2019,"November",149.2,148.1,152.8,153.7,158.8,149.6,NA,150.8,158.1,148.8,156.4,153.3,154.9,150.3,149.1,144.8,160.4,150.2,167.7,151.1,147.7,157.8,152.6,157.2,156.1,154.5,146.3,158.3
"Urban",2019,"November",144.8,151.7,145.2,153.2,144.6,145.4,"143.3",150.1,150.5,156.5,145.6,147.9,179,140.6,146.1,149.2,148.5,151.1,160.4,144.9,150.4,165.6,148.3,146,152.3,154.6,155.8,150.3
"Rural+Urban",2019,"November",150.4,150.7,146.8,147.5,142,143.1,"145.7",149.9,155.1,154.9,147.4,143.5,153.4,143.5,140,147.8,142.4,155.3,156.6,143.8,149.6,147.9,145.8,142,142.8,154.8,149.1,153.4
"Rural",2019,"December",149.7,150.4,145,147.7,140.3,142.6,"146.6",146.9,155,154.5,147.4,142.6,152.7,143,140,145.8,142.5,152.8,153.8,142.6,150.9,147.1,143,140.3,143.2,154.8,142.6,152.1
"Urban",2019,"December",148,146.7,151,150,156.5,144.1,NA,149,158.2,146.3,152.4,151,151.6,148.8,146.6,142.5,157,151.4,NA,148.9,NA,157.7,149.5,156.9,154.4,154.8,144.4,155.7
"Rural+Urban",2019,"December",148,146.7,151,150,156.5,144.1,NA,149,158.2,146.3,152.4,151,151.6,148.8,146.6,142.5,157,151.4,NA,148.9,NA,157.7,149.5,156.9,154.4,154.8,144.4,155.7
"Rural",2020,"January",151.6,151.2,152.5,159.4,159.1,149.6,"160.2",156.8,157.7,147.9,160.8,152.5,153.2,151.3,150.9,148.6,162.5,154.5,178.5,153.1,151.7,161.9,151.5,169.1,155.9,154.9,146.7,158.8
"Urban",2020,"January",153.5,156.1,153.6,169.2,158.9,150.8,"161.8",159.5,158.3,145.3,164.6,153.2,152.6,155,154.5,152.8,162.7,156.6,185.8,155.2,167.8,170.4,153.3,171.7,156.5,155,152.7,159.1
"Rural+Urban",2020,"January",153,156,152.3,165.2,159.6,149.8,"160.2",159.1,157.3,146.1,162.9,152.1,152,151.8,154.4,151.6,163,157.6,183.5,154.4,154.7,166.1,151.3,173.2,155.6,155.1,153.1,159
"Rural",2020,"February",152.5,152.4,153.7,164.7,159.2,150.6,"161.8",157.5,159,144,161.6,153.9,153.8,153.9,151.6,149.8,162.4,152.7,180.6,154.2,162,163.7,153.2,168.4,156.5,155.1,147.5,159.5
"Urban",2020,"February",147.5,152.1,146.4,148.6,143.1,143.5,"143.2",151,153.2,156.6,146.9,145.1,170.8,142.3,142,151.2,145.5,152.9,159.8,145.1,150.7,158.2,143.6,141.9,148.8,155.2,152.8,151.8
"Rural+Urban",2020,"February",150.8,150.1,154,160.3,159.4,150.6,NA,152.4,159.8,143.4,155.3,155.1,155.4,151.5,150.2,146.1,161.4,147.2,169.4,152.5,154.1,157.2,152.9,158.9,156.5,155.3,147.2,160.1
"Rural",2020,"March",150.4,150.5,149.8,158.7,157.5,144.3,"158.8",153.9,155.7,145.7,158.8,149.6,150.1,149.8,148.8,146.4,163.2,154.3,NA,150.1,NA,161.2,149.1,166.5,154.7,155.4,144.8,157.7
"Urban",2020,"March",150.4,150.5,149.8,158.7,157.5,144.3,"158.8",153.9,155.7,145.7,158.8,149.6,150.1,149.8,148.8,146.4,163.2,154.3,NA,150.1,NA,161.2,149.1,166.5,154.7,155.4,144.8,157.7
"Rural+Urban",2020,"March",151.8,156.5,149.2,167.8,158.9,148.3,"158.8",155.8,153.4,144.4,161.9,148.8,149.1,150.3,153.1,149.5,164.8,156.4,NA,150.9,NA,164.8,149,169.8,155,155.7,150.6,158.8
"Rural",2020,"April",151.8,156.5,149.2,167.8,158.9,148.3,"158.8",155.8,153.4,144.4,161.9,148.8,149.1,150.3,153.1,149.5,164.8,156.4,NA,150.9,NA,164.8,149,169.8,155,155.7,150.6,158.8
"Urban",2020,"April",146.5,152.7,146.3,156.1,145.6,145.4,"143.1",152.8,151.9,158.2,146.9,149.8,179.4,142.3,146.5,153.1,149.2,153.8,161.5,145.6,152.4,168.1,146.6,144.8,153.4,155.8,156.6,153.9
"Rural+Urban",2020,"April",147.8,152.1,144.9,151.8,142.2,144.4,"144.4",150.5,154.1,158.1,146.5,144.9,169.7,143,143.5,150.3,147,153.9,157.3,145,152.4,157.1,143.4,141.6,148.8,156.4,151.1,152.6
"Rural",2020,"May",139.6,145.3,141,155,143.4,137.7,"135.1",144.8,145.4,147.4,135.8,142,166.1,138.6,139,142.5,141.5,144.7,149.6,137.6,146.5,163.6,140.5,140.5,147.2,156.7,137.4,144.6
"Urban",2020,"May",148.9,153.4,146.5,152.4,143.3,145.7,"144.9",152.1,154.9,158.6,147.3,145.5,171.8,144.1,143.3,152.4,147.9,155.6,158.4,145.4,153.3,157.5,144.7,142.9,149.9,156.8,152,153.7
"Rural+Urban",2020,"May",150.1,154,146.7,152.2,144.3,145.2,"144.6",153.3,154.7,158.3,147.9,146.1,172,144.2,143,153.5,147.9,156,162,146.4,152.6,157.8,146.2,143.3,148.8,156.9,154.6,154.3
"Rural",2020,"June",155.2,156.6,154.8,168.2,160.7,151.8,"162.9",162.4,162.3,143.2,165.8,154.9,154.2,154.9,155.7,155.1,163.6,159.5,184.1,159,164.8,170.6,156.4,176,160,157.2,155.7,160.6
"Urban",2020,"June",146.7,152.6,144.8,158.4,144.6,146,"143.9",152.8,153,160,145.9,149.6,177.6,143,149,152.1,150.7,155.6,158.5,146.4,153.7,167.4,150.4,144.1,152.9,157.3,160,154
"Rural+Urban",2020,"June",154.2,153.1,154.9,163.3,160.6,151.3,"162.9",160.3,162,144.4,162.7,155.3,155.2,154.2,152.4,151.8,163.4,155.1,180,157.5,158.8,164.3,156.6,172.1,158.4,157.3,148.5,161.1
"Rural",2020,"July",152.6,150.8,155.2,158.6,160.5,151.3,NA,155,161.7,145,156.4,156,156.6,152.8,150.7,147.7,162.5,149.1,171.3,155.1,150.7,158.2,158,160.7,157,157.5,148.1,161.9
"Urban",2020,"July",150,154.8,146.7,159.7,147.2,147,"144.3",155.4,154.2,160.2,148.2,151.4,180.6,144.5,147.7,155.7,152.3,156.9,163.9,147.9,155.2,168,153.5,146,153.2,158,160.4,157
"Rural+Urban",2020,"July",148.2,154.1,146.6,160.1,145.7,147.8,"144.4",153.8,154.1,160.6,147.1,151,180.7,144.3,148.3,154.4,151.9,157.1,159.6,147.8,156,167.9,152.6,145.3,154.1,158.1,160.5,155.6
"Rural",2020,"August",154.9,153,157.3,171.4,153,153.9,"162.3",166.9,153.4,162.7,182.9,157.6,160,151.1,152.5,153.7,157.1,172.2,151,153.9,160.5,154.6,152.5,171,160.7,159.7,164.6,152
"Urban",2020,"August",157.2,157.4,156.3,172.6,162.9,152.1,"164",165.7,165.8,146.4,167.8,157.1,156.4,154.9,157.8,156.5,165.7,160.9,183.5,160.3,165.9,170.8,160.6,177.5,162.7,160,157.5,163.5
"Rural+Urban",2020,"August",156.3,154.9,156,166.9,162.5,151.2,"164",162.8,164.8,146.9,164.5,157.5,157.1,154.4,154,153.2,165.3,156.1,179.8,158.7,160,166.5,160.8,173.6,160.6,160.2,150.4,163.5
"Rural",2020,"September",154.7,153.3,155.5,161.3,162.3,151.1,NA,155.3,163.7,147.2,157.7,158.1,158,153.2,152.1,149.1,164,149.4,171.9,156.2,152,162.4,161.7,162.4,158.8,160.5,150,163.5
"Urban",2020,"September",160.8,165,161,161.6,155.8,153.5,"151.7",163.1,160.8,166.8,156.4,159.1,184.6,155.5,158.8,166.8,156.7,163.8,178.9,158.2,167.2,173.8,157.1,146.9,163.4,160.8,171.7,164.7
"Rural+Urban",2020,"September",149.8,158.1,151.8,160.5,154.5,151.3,"--",163.9,154.3,161,168.5,155.2,158.1,155.5,147.5,158.9,159.2,163.8,150.3,154.4,165,154.8,158.6,158.1,154.5,162.6,165.2,157.4
"Rural",2020,"October",149.8,158.1,151.8,160.5,154.5,151.3,"152.2",163.9,154.3,161,168.5,155.2,158.1,155.5,147.5,158.9,159.2,163.8,150.3,154.4,165,154.8,158.6,158.1,154.5,162.6,165.2,157.4
"Urban",2020,"October",161.4,162.3,155.3,156.8,148.8,150,"154.5",159,162.7,162.3,157.9,151.1,175.7,155.5,156.1,156,148.1,163.4,166,156.6,160.6,160.3,148.4,144.4,155.6,163.6,162.4,163.1
"Rural+Urban",2020,"October",161,160.8,153.7,157,147.6,149.3,"154.2",156.8,162.9,162.3,157.6,151,173.6,155,154.1,154.6,147.9,164,163.9,155.9,160.6,158.2,147.5,148.4,155.4,164.1,157.8,163
"Rural",2020,"November",160.8,162.5,154.9,158.1,150.6,150.5,"151.5",159.3,161.4,164.4,156.1,153.2,180.5,157.2,157.5,161,152.2,163.4,173.5,155.5,161.7,167.3,148.9,143.9,160.1,164.7,167.4,163.7
"Urban",2020,"November",160.2,160.2,154.9,157.7,149.6,149.4,"150.4",155.1,161.3,165,154.9,153.1,178.5,155.3,156.5,158.5,151.5,163.8,172.1,153.5,160.4,164.3,147.9,145.8,158.6,164.7,165.2,163.5
"Rural+Urban",2020,"November",161.3,164.3,156.2,155.3,149.8,150.9,"155.4",161.3,162.9,162.3,158.9,151.9,176.1,154.3,155.3,156.4,149,163,167,158.5,162.9,161.6,149.9,147.3,155.2,164.8,164.3,162.2
"Rural",2020,"December",161,164.9,159.1,157.7,152.4,152.3,"152.4",162.4,161.9,165.2,157.4,154.3,181.9,155.1,156.7,163.9,153.3,163.3,175.8,158.3,165.2,167.6,150.3,147.2,160,164.8,167.9,162.8
"Urban",2020,"December",159.8,160.1,155.6,158.8,152.1,149.5,"149.5",154,159.5,166.5,153,157.2,180.7,155.4,160.2,160,154.5,163.5,175,152.1,160.2,170.7,155.4,140.5,160.9,165.1,173,164.9
"Rural+Urban",2020,"December",160.5,162.5,158.9,160.2,153,150.9,"150.8",159.5,159.8,165.6,154.9,157.4,182.7,158,159.6,163,155.6,163.3,176.1,154.9,162.6,174.6,156.4,143,163.3,165.3,172.6,165.3
"Rural",2021,"January",160.6,158.8,155.5,161.5,153.9,152.2,"152.2",152.7,161.5,168.1,155.1,158.5,184.4,153.1,161.3,157.9,155.6,165,172.1,153.2,159.6,172.9,157,144,163.7,166.5,167.4,166.6
"Urban",2021,"January",161.7,159.3,156,159.8,151.2,152,"152.9",155.2,164.2,167.3,157.2,154.9,179.2,153.8,0.1,157.2,153.3,165.8,170.2,154.9,161.1,164.9,151.9,149.1,161.9,166.8,163.9,165.4
"Rural+Urban",2021,"January",163.5,161,156.7,158.8,149.1,151.7,"156",159.3,166.6,165.7,160.2,153.1,168.1,155.3,156,155.4,150.5,166.4,164.6,157.9,162.8,157.1,151.6,151.7,159.5,167.3,160.5,165
"Rural",2021,"February",165.1,164.2,158.8,159.7,150.7,153.5,"158.5",159.5,168.4,168,165,153,170.3,158.5,157.9,156,151.9,168,165.2,159.6,165.3,161.5,151.2,154.7,162.9,168.2,162.3,164.8
"Urban",2021,"February",163.8,162.8,158.7,161.5,153.7,154.5,"154.4",157.2,166.9,170.3,161.9,156.1,183.4,158.6,160,160.7,155.9,167.8,174.6,158.3,164.4,167,151.5,152.1,165.4,169.2,166.3,165.3
"Rural+Urban",2021,"February",163.1,162.4,158.7,164.4,157.5,155.3,"153.5",155.7,165.2,171.5,159.8,162.4,189.4,158.7,163.4,162.5,159.2,167.4,177.9,157.5,163.6,172.6,155.9,147,167.2,169.7,170.4,166.6
"Rural",2021,"June",164.1,164.6,159.4,167,158.4,155.4,"154.2",156.5,166.5,171.1,161.1,163.8,187.6,158,163.8,162.6,159,168.9,177.8,158.6,166,176.2,157.1,150.5,168.9,169.9,174.8,164.5
"Urban",2021,"June",165.2,164.2,158.4,161,151.7,153.8,"159.2",163.1,168.7,167.9,163.5,155.2,171.3,158.4,158.5,156.4,151.5,169.5,166,160,166.2,162.7,151.5,155.7,162.8,168.4,162.3,167
"Rural+Urban",2021,"June",164.5,164.5,159,163.3,154.6,154.7,"155.1",159,167.7,170,162.1,158.1,182.4,158.1,160.6,160.9,155.6,169.3,174.8,159.1,166.1,169.3,151.8,154,166.3,169.4,168.4,166.4
"Rural",2021,"July",164.8,165.7,160.6,170.2,158.7,157.8,"156.3",159.1,166.5,170.6,162.1,164.5,189.5,156.3,163.6,164.5,160.9,169,177.5,160.4,166,175.8,161.9,150.8,167.9,171.7,178.7,167.3
"Urban",2021,"July",166.1,165.8,160,161.8,152.8,156.2,"161.2",164.7,170.7,168.3,165.1,155.9,172,162.3,158.1,159.4,153.9,169.8,166.8,162.1,167.2,163.6,153.8,156.6,162.7,169.9,161.9,168.8
"Rural+Urban",2021,"July",165.3,165.7,160.4,165.1,155.4,157.1,"157.2",161.2,168.8,169.8,163.3,158.8,184,158.2,160.2,163.1,157.8,169.5,174.7,161,166.6,169.6,154.3,154.7,165.7,171.1,170.1,168.4
"Rural",2021,"August",165.8,166.9,161.4,170.5,158.8,159.4,"156.8",159.7,166.3,170,162.4,164.5,190,156.1,164.2,164,162.1,168.7,176.7,160.9,166.2,178,162.8,150.7,165,172.1,180.6,167.9
"Urban",2021,"August",166.8,166,160.3,161.6,153.2,156.7,"161.6",165.2,170.8,168.9,165.2,156.3,173.2,162.9,160.9,159.2,154.3,169.4,166.8,162.4,167.2,164.7,154.6,156.9,161,171,160.4,169.7
"Rural+Urban",2021,"August",166.2,166.7,161,165,155.6,158.1,"157.7",161.8,168.7,169.6,163.6,159,184.7,158.2,162.2,162.7,158.6,169.1,174.1,161.4,166.7,171.2,155.1,154.8,163.3,171.7,170.3,169.2
"Rural",2021,"September",165.5,168.3,161.5,168.2,158.9,160,"158.1",160.1,166.1,169.8,162,164.7,187.1,155.8,164.5,163.6,162.6,168.7,177.8,161.2,167.2,179.8,164.6,150.7,165.8,173.7,180.1,169.6
"Urban",2021,"September",167.4,166.7,161.3,161.7,153.7,156.8,"161.4",165.2,170.8,167.9,164.5,156.7,172.4,162.3,161.5,159.8,154.4,169.1,166.8,162.6,167.6,166.7,155.1,158.3,160.9,171.7,158.5,168.4
"Rural+Urban",2021,"September",166.2,168,161.4,164.2,156,158.5,"158.7",162,168.6,169.1,163,159.4,182.4,157.8,162.7,162.5,158.9,168.9,175,161.7,167.4,173.1,155.6,155.8,163.7,173,169.1,168.7
"Rural",2021,"October",166.8,170.8,163.8,168.1,161.5,161.8,"160.1",162.5,167,170.5,164.5,167.3,186.9,156.8,165.4,166.8,164.8,169.6,182.7,164.6,171.1,181,167.6,153.7,169.6,175.5,177,171.6
"Urban",2021,"October",169.4,168.2,163.7,161.7,156.1,158.8,"163.7",168.9,172.6,169.8,166.9,159.3,172.1,162.5,163.2,162.9,157.2,170.9,169.9,164.5,171,167.5,157.3,162.1,164.3,173.9,159.3,170.1
"Rural+Urban",2021,"October",167.8,170.3,163.8,164.2,158.4,160.4,"160.8",164.9,170,170.3,165.5,162,182.2,158.6,164.1,165.7,161.4,170.4,179.4,164.6,171.1,174.1,157.9,159.3,167.4,174.9,168,170.5
"Rural",2021,"November",168.9,171.7,166.1,166.2,162.4,163.5,"161",164.7,168,171.5,166,168.1,187.2,158.3,165.6,168.6,162.6,172.1,185,166,172.5,183.9,169.8,153.8,170.4,176.8,178,174
"Urban",2021,"November",3.64,0.79,1.22,0.25,6.82,3.35,"0.26",1.39,6.81,3.46,3.97,18.86,0.12,0.15,0.13,1.31,3.09,9.2,0.14,9.54,7.2,0.07,0.34,0.04,0.02,0.72,0.01,0.27
"Rural+Urban",2021,"November",169.6,171.1,165.6,163.3,158.8,161.5,"161.7",166.6,171.1,171.1,167.1,162.6,182.7,159.6,164.9,167.3,159.1,172.8,181.4,166.1,172.2,176.7,158.7,159.1,167.7,176.5,169.1,171.3
"Rural",2021,"December",169.2,170.2,165.5,165.9,161.9,162.5,"158.9",164.1,168.9,172.9,164.3,167.8,186.9,159,167.1,168.1,161.3,173.9,184.6,164.1,171.9,188.1,169.4,154.7,171.7,176.3,176,173.6
"Urban",2021,"December",171.6,166.9,163.7,161.8,156.2,158.3,"164.7",168.1,174.3,171,166.8,160.6,172.6,162.4,164.2,162.9,153.1,174.4,171.6,164.6,170.5,169.8,156.5,162.1,164.6,173.8,163.3,172.2
"Rural+Urban",2021,"December",170.1,169.5,164.8,163.4,158.7,160.5,"160",165.6,171.8,172.2,165.3,163,182.4,160.1,165.3,166.6,157.6,174.2,181.2,164.3,171.2,178.8,157.2,159.6,168.7,175.4,169.5,172.6
"Rural",2022,"January",167.3,169.4,164.3,167.3,162.1,161.8,"159.8",163.3,168.2,172.9,163.7,167.6,183.9,158.8,170.3,167.2,161.4,172.8,182.1,163.1,172.4,184.9,167,154.1,171.4,176.6,176.6,173
"Urban",2022,"January",170.3,167,162.7,162,155.7,158.3,"163.7",167,174,171,166.7,160.7,171.6,162.7,164,162,153.1,172.9,170.8,165,171.1,168.1,156.2,160.1,164.4,174.4,157.7,170.7
"Rural+Urban",2022,"January",168.4,168.9,163.7,164.1,158.5,160.2,"160.5",164.7,171.3,172.2,164.9,163,180,160,166.5,165.7,157.7,172.9,179.2,163.8,171.8,176.4,156.8,158.1,168.5,175.8,166.9,171.3
"Rural",2022,"February",167.2,168.6,164.8,169.3,162.6,162.2,"160.4",163.8,167.5,172.6,164.7,167.8,183.2,158.4,173.1,167.5,162.5,172.2,180.6,163.9,173,182.3,167,154,169.8,177.4,176.9,172.5
"Urban",2022,"February",170.9,167.1,162.5,162.2,155.8,159,"164.7",167.6,173.7,171.7,168,161.6,169.1,161.8,164.2,162.8,153.7,171.9,170.7,165.2,173.6,166,157,160.9,164.3,176.3,154.8,172.1
"Rural+Urban",2022,"February",168.6,168.3,163.9,164.9,158.8,160.7,"161.2",165.3,170.8,172.3,166.1,163.7,178.7,159.5,167.7,166.2,158.6,172,178,164.4,173.3,174,157.6,158.6,167.5,177,165.6,172.2
"Rural",2022,"March",169.6,171,165.7,168.7,164.4,163.7,"160.6",165,168.7,174.1,167.2,170.4,185.5,159,173.7,169.3,163.1,172.2,181,166.5,175.8,181.9,166.8,153.5,170.9,179.1,176.7,173.2
"Urban",2022,"March",173.1,168,163,162.9,156.9,159.9,"165.8",168.9,174.9,172.6,169.5,162.7,168.7,162.4,164.2,163,154.7,172.2,171,166.5,173.4,167.4,157.7,161.7,166,176.9,158.4,172.2
"Rural+Urban",2022,"March",170.9,170.4,164.7,165.1,160.2,161.9,"161.5",166.5,172,173.6,168.1,165.3,180.2,160.1,167.9,167.5,159.3,172.2,178.4,166.5,174.7,174.5,158.2,159,168.8,178.3,167.3,172.5
"Rural",2022,"April",172.6,173.4,168.8,170.8,167.4,167.8,"161.9",165,171.1,176.2,170.8,173.9,188.8,160.2,174,171.8,168.5,174.3,180.8,167.8,176.4,186.5,169.6,155.8,174.1,180.6,180.4,175.9
"Urban",2022,"April",175.3,170.8,165.1,163.5,160.7,163.2,"167.2",170.8,177.8,175,172.6,165.7,171.7,163.1,166.5,164.9,159.5,175,172.8,168.5,175.2,171.4,162.7,164.2,171.5,179.5,165.1,174.8
"Rural+Urban",2022,"April",173.6,172.9,167.4,166.3,163.6,165.6,"162.9",167.2,174.7,175.8,171.5,168.4,183.4,161.1,169.4,169.9,164.5,174.7,178.7,168.1,175.8,178.8,163.1,161.4,173,180.2,172.6,175.1
"Rural",2022,"May",177.5,175.5,169.4,171.8,169,167.2,"162.1",166.5,174.5,178.9,172.5,175.2,189.2,162.5,175.3,174.5,169.1,177.3,184.9,168.4,178.3,191.5,169.7,158.8,176.5,181.1,187,178.8
"Urban",2022,"May",178.2,172.6,166.1,164.1,162,164.1,"167.8",173.1,180.2,177.8,174.9,166.5,172.3,165.9,168.9,166.9,159.7,177.4,175.6,169.8,177.6,172.2,162.4,167.3,171.7,180.8,172.1,177.3
"Rural+Urban",2022,"May",177.8,174.9,168.1,167.1,165,165.7,"163.1",169,177.6,178.5,173.5,169.4,183.9,163.6,171.4,172.4,164.9,177.4,182.5,168.9,178,181.7,162.8,164.5,174.5,181,179.4,177.7
"Rural",2022,"June",178.3,178,171,173.1,170.2,168.8,"162.7",167.2,175.5,180.2,174,176.8,188.8,163,177.3,175.5,169.1,177.9,188.1,169.6,179.8,194.6,171.5,159,178.6,183.6,190.1,181.1
"Urban",2022,"June",179.5,173.1,167,164.8,163.1,165.7,"169",174.2,180.4,177.5,175.6,167.7,171.8,166.6,168.8,167.7,160.7,177.9,177.9,170.8,176.6,168.2,162.8,167.9,172.2,181.6,179.9,178.7
"Rural+Urban",2022,"June",178.7,177,169.5,168,166.2,167.3,"163.8",169.9,178.1,179.2,174.7,170.7,183.4,164.1,172.1,173.3,165.3,177.9,185.5,170,178.3,181.2,163.3,164.9,175.9,182.9,184.9,179.3
"Rural",2022,"July",176.4,179.9,172,173.5,171.4,171.2,"163.3",167.5,173.7,179.7,174.5,176.7,192.4,164.5,182.1,175.2,170.5,177.4,190.5,171.6,181.5,190.2,170.2,160.1,178.3,182.8,192.9,179.6
"Urban",2022,"July",179.4,174.8,167.7,166.4,164.7,167.3,"169.2",174.8,179.9,177.3,176.6,168.2,172.1,170.3,171,167.7,162.1,177.7,181.6,173,177.4,168.7,163.8,168.4,172.3,182.6,179.1,178.5
"Rural+Urban",2022,"July",177.5,178.8,170.3,169.1,167.6,169.4,"164.4",170.3,177,178.9,175.4,171,186,166.3,175.3,173.1,166.7,177.6,188.2,172.1,179.6,179.3,164.2,165.6,175.8,182.7,185.8,178.8
"Rural",2022,"August",175.8,180.7,171.8,173.3,172.5,172.6,"164.5",169.4,173.5,179.7,175.6,177.2,193.8,164.5,183.5,175.8,171.2,177.5,189.6,173.4,183.3,186.9,171.5,160.4,181.6,183.6,194.2,179.5
"Urban",2022,"August",179.8,176,167.8,167,165.4,168,"169.6",176,180.1,177.7,177.2,168.9,172.8,170.4,171.3,168.8,163,178,182.5,174.3,179.5,168.6,164,168.7,169.6,183.7,178.4,178.1
"Rural+Urban",2022,"Auust",177.3,179.7,170.3,169.4,168.5,170.4,"165.4",171.9,177,179,176.3,171.7,187.2,166.3,176.1,173.8,167.5,177.8,187.8,173.7,181.5,177.6,164.4,165.9,176.6,183.6,186.1,178.5
"Rural",2022,"September",178.2,181.1,173.4,170.4,172.1,173.3,"164.8",171.8,175.1,180.8,176.5,177.8,191.3,164,185.3,177.5,171.3,180.3,192.2,174.2,184.8,189.9,172.5,159.3,180,185,194.1,182.9
"Urban",2022,"September",181.9,175.1,169.2,167,165.5,168.6,"170.7",176.8,181,178.5,178,169.4,171.5,170.8,171.6,170.6,163.5,180.8,183.3,174.8,181.5,169.2,164.6,170.4,169.5,184.6,173.9,179.4
"Rural+Urban",2022,"September",179.6,179.9,171.8,168.3,168.4,171.1,"165.9",173.7,178.3,180,177.1,172.2,185,166.1,176.9,175.6,167.8,180.6,189.9,174.4,183.2,179.4,165,166.7,175.6,184.9,183.8,180.3
"Rural",2022,"October",180.2,181.2,174,169.6,173.3,175.4,"166.8",173.9,176.3,181.6,177.2,178.9,189.5,163.2,186.8,178.4,172.4,182.2,196.7,175.9,185.9,193.7,174.5,162.3,180.8,186,186.8,183.7
"Urban",2022,"October",182.6,176.3,169.6,167.6,166.4,170.1,"172.9",179.5,182.2,179.7,178.8,171.1,170.4,171.6,172.1,171,164.1,182.7,185.8,175.9,182.6,176.3,165.7,170.8,169.7,186.2,172.9,179.6
"Rural+Urban",2022,"October",181.1,180.2,172.3,168.4,169.4,172.9,"167.9",176,179.5,180.9,177.9,173.7,183.5,165.8,177.8,176.3,168.7,182.5,193.9,175.9,184.3,184.9,166.2,168,176.2,186.1,179.7,180.6
"Rural",2022,"November",180.4,181,173,170.8,172.9,175,"165.6",174.2,176.2,181.8,177.5,179.2,189.1,163,188.5,177.4,172.1,183.4,195.7,176.6,184.1,196.1,175.6,161.1,179.6,186.7,185.4,184.3
"Urban",2022,"November",182.8,177,168.8,168.3,164.6,169.7,"172.4",178.3,182.3,180,179.3,170.7,170.5,172,171.9,169.4,163.6,182.8,188.4,175.9,181.1,178.3,164.9,170,169.2,186.3,171.5,180.4
"Rural+Urban",2022,"November",181.3,180.2,171.4,169.3,168.2,172.5,"166.8",175.8,179.5,181.2,178.2,173.5,183.2,165.8,178.4,175.2,168.3,183,193.8,176.3,182.7,187,165.5,167,175.2,186.6,178.3,181.4
"Rural",2022,"December",180.6,180,170.8,170.5,171.6,173.5,"165.2",173.6,176.1,183.1,176.1,177.8,187.9,163.5,190.4,175,171.8,183.3,193.3,175.8,181.8,196.3,175.2,159.3,177.6,185.9,183.6,183.4
"Urban",2022,"December",182.2,175.3,166.9,168.9,163.2,168.5,"171",177.3,181.4,181,177.9,170.1,169.2,171.7,172,167.8,163.4,182.9,189.5,174.9,179.3,178,164.1,169.3,168.8,184.5,172.6,180.4
"Rural+Urban",2022,"December",181.2,179,169.3,169.5,166.8,171.2,"166.3",175,178.9,182.4,176.8,172.7,182,166,179.2,173,168,183.1,192.3,175.5,180.6,187,164.7,166,173.9,185.4,178,181.2
"Rural",2023,"January",181.8,179.3,169.8,171.3,172.2,174.5,"164.8",173.5,177.2,184.3,177.6,179.1,189.8,163.4,190.5,175.4,172.1,185.2,192.2,176.1,182,194.6,174.5,163.7,178.6,185.3,183.8,185
"Urban",2023,"January",183.2,175.1,166.3,169.5,163.9,168,"171.6",176.8,182.5,181.6,179.3,170.9,168.2,172.5,171.3,168.9,163.2,184.1,189,175.9,180.7,177.8,164.1,170.2,170.3,184.2,168.2,181.8
"Rural+Urban",2023,"January",182.3,178.4,168.4,170.2,167.5,171.5,"166",174.8,180,183.3,178.3,173.6,183,166.2,178.8,173.6,168.1,184.6,191.4,176,181.4,186.1,164.7,168,175.1,184.9,175.8,182.6
"Rural",2023,"February",181.1,178.7,168.4,170.8,174.6,176.2,"166.5",171.6,178.5,184.5,174.3,179.8,195.1,163.4,193.8,176,173.6,183.7,194.8,176.1,182.7,197.2,175.3,164.6,180.8,187.2,186.5,184.9
"Urban",2023,"February",183.3,174.7,166.1,169.2,165.3,168.9,"172.9",176.4,183.7,181.6,179.7,172.3,168.8,172.9,171.1,169.4,164.5,183.6,188.8,176.3,181,177.6,165,170.1,171.6,184.6,169.6,181
"Rural+Urban",2023,"February",182.1,177.6,167.8,170,168.9,171.9,"166.8",172.6,181.1,183.1,178.8,174.8,185.3,166.3,179.4,173.4,169,183.8,192.2,176.1,181.8,186.3,165.5,167.9,177.2,185.4,178,181.9
"Rural",2023,"March",181.1,178.4,168.4,170.8,174.6,176.3,"166.5",171.6,178.5,184.5,174.3,179.7,195.1,163.4,193.8,176,173.6,183.7,194.8,176.1,182.7,197.2,175.3,164.7,180.8,187.1,186.5,184.9
"Urban",2023,"March",183.7,175.2,166.9,170.2,166.7,169.6,"174.2",176.9,184.2,182.1,179.3,172.7,170.5,172.8,170.5,170.3,166.1,183.7,188.2,177.4,181.8,176.1,166,170.2,173.3,185.9,171.5,181.6
"Rural+Urban",2023,"March",182.1,177.7,167.8,170.4,170.1,173.2,"167.9",173.6,181.6,183.7,176.4,175,187.3,166.3,179.6,174.4,170.2,183.7,193.1,176.6,182.3,186.5,166.5,168.4,177.7,186.7,178.8,182.4
"Rural",2023,"April",181.5,179.5,168.7,173.7,176.5,178.5,"167.9",174.5,178.9,186.4,174.8,180.1,199.6,164.1,195,177.4,174.9,184.2,194.6,176.5,183.2,193.6,178.8,166,180.8,187.9,186.8,187.6
"Urban",2023,"April",NA,177.2,167.6,170.2,167.9,171.2,"175.3",179.6,185.5,184.2,180.2,174,171.8,173,171.6,171.8,167.1,184.7,188.4,178.2,183.5,178.2,167.8,172.3,177.2,187.9,176.2,183.2
"Rural+Urban",2023,"April",182.6,179,168.3,171.6,171.6,175.1,"169.2",176.4,182.4,185.6,177,176,190.8,166.9,180.7,175.8,171.4,184.5,193,177.1,183.3,185.8,168.4,170.2,179.3,187.9,181.4,184.3
"Rural",2023,"May",183.1,181,169.9,172.7,177.1,179.2,"168.8",175.7,180.2,187,175.2,181.5,212.5,164.2,196,178.9,175.4,185.1,196.4,177.1,185.4,199.8,179.1,167.6,180.4,187.8,190.2,187.3
"Urban",2023,"May",185.5,179.2,168.4,171.4,168.4,171.7,"176.6",180.1,186.2,185.5,181.6,174.3,177,173.1,172.7,174,167.4,185.7,188.7,178.8,185.2,182.2,168.2,173.9,178.2,188.7,177.6,183.9
"Rural+Urban",2023,"May",184,180.6,169.3,171.9,172.2,175.7,"170.2",177.4,183.4,186.5,177.8,176.7,201.3,167,181.8,177.5,171.8,185.5,194.4,177.7,185.3,190.9,168.8,171.8,179.5,188.1,183.8,184.8
"Rural",2023,"June",187.1,182,172.2,174.6,178.6,180.9,"169.5",175.8,182.3,189.3,177.6,184.1,213.3,165.3,197.7,181.3,176.8,189.7,200.3,179.2,187.3,199.7,180.7,168.5,183.1,188,194.6,192.4
"Urban",2023,"June",188.1,179.4,170.9,172.7,170.3,173.9,"177",181.9,188.3,187.2,183.2,176.3,177.4,175.2,173.3,177.1,168.9,189,190.4,180.1,185,179.1,169.3,177.1,179.8,188.4,184.3,186
"Rural+Urban",2023,"June",187.5,181.5,171.7,173.4,173.9,177.6,"170.9",178.1,185.5,188.6,179.9,178.9,201.9,168.4,182.8,180.1,173.3,189.3,197.7,179.5,186.2,189.2,169.9,174.2,181.7,188.1,189.3,187.6
"Rural",2023,"July",192.2,186.4,181.4,176.6,183.9,187.4,"174.9",184.2,188.8,191.4,185.4,188.7,215.6,169.4,198.6,189.9,181.5,194.1,204.5,185.7,192.4,201,187.7,175.9,192.1,191.9,203.3,196
"Urban",2023,"July",191.5,183.4,179.3,174.2,177.2,179.1,"181.4",188.7,192.7,188.8,190,179.2,178,178.4,173.4,184.2,174.7,193.1,192.7,186.9,188,179.8,173.8,184.5,184.8,191.7,188.9,188.9
"Rural+Urban",2023,"July",191.9,185.8,180.6,175.1,180.1,183.5,"176.1",185.9,190.9,190.5,187.3,182.4,203.7,172.2,183.2,188.3,178.5,193.5,201.5,186.1,190.3,190.2,174.6,181.6,189,191.8,195.9,190.7
"Rural",2023,"August",190.6,187.4,179.9,175.3,184.9,189.4,"175.8",184.4,188.7,191.2,185.2,188.3,213.6,171.3,200,189.8,182.5,192.1,203.6,186.1,192.6,197,188.2,173.3,193.2,193.5,204.8,196.7
"Urban",2023,"August",191.9,184.8,179,174,176.3,178.9,"182.2",187,192.7,188.5,189.5,179.2,179.6,178.2,175,183.9,176.5,191.3,193.5,186.5,187.5,179.4,173.4,183.6,182.5,194,182.2,188.7
"Rural+Urban",2023,"August",191.1,186.9,179.6,174.5,180,184.5,"177",185.4,190.9,190.2,187,182.2,202.8,173.4,184.7,188.2,179.8,191.6,201,186.2,190.2,188.1,174.2,180.2,188.7,193.7,193.3,190.7
"Rural",2023,"September",188.9,188.4,175.9,173.8,182.3,187.5,"173.4",181.8,187.3,189.1,182.1,186.2,213.7,172,200.2,187.8,180.9,189.3,203.5,184.1,192.6,191.8,184.5,170.5,187.3,191.6,199.3,194.7
"Urban",2023,"September",190,185.5,174.2,173,173,176.4,"178.7",183.4,190.4,187.3,185.8,178,180.1,177.7,174.9,181.5,172.2,188.3,194.9,183.6,186.8,179.4,171,179.2,178.8,190.7,178.7,186.9
"Rural+Urban",2023,"September",189.3,187.8,175.2,173.3,177,182.3,"174.4",182.4,189,188.5,183.6,180.7,203.1,173.8,184.8,186,177,188.7,201.3,183.9,189.9,185.5,171.8,176.3,183.7,191.3,188.8,188.9
"Rural",2023,"October",189.2,189.5,177.3,172.9,183.5,188.6,"173.7",184.1,187.8,189.1,183.4,187.5,212.7,172.2,200.3,189.6,181,190.6,207.5,185,195,195.1,185.1,171.8,186.6,192.8,196,193.6
"Urban",2023,"October",190.5,186.7,175.2,173.8,174.4,177.3,"179.1",185.2,191.2,188.1,187.2,179.4,179.8,177.9,175.1,182.9,173.9,189.3,196.8,184.5,189.5,183.9,171.7,180.9,180.3,192.1,180.7,187.8
"Rural+Urban",2023,"October",189.7,188.9,176.5,173.5,178.3,183.3,"174.7",184.5,189.6,188.7,185,182.1,202.3,174,184.9,187.7,177.8,189.8,204.7,184.8,192.4,189.4,172.5,177.9,184,192.6,188.2,189.3
"Rural",2023,"November",190.8,189.8,178.2,173.9,184.3,189.5,"174.5",184.5,190,190.1,185.5,189.2,215,171.8,201.9,190.8,182.2,192.9,206.5,186.7,193.3,198.5,184.4,172.6,188,193.9,194.6,196.1
"Urban",2023,"November",191.6,187.9,176.4,174.3,174.5,178.1,"179.2",185.4,192.2,189.4,189,179.9,181.8,176.9,174.4,183.2,175.7,191.4,197.4,185,188.9,187.2,172,181.8,180.6,193.6,176.4,189.2
"Rural+Urban",2023,"November",191.1,189.4,177.5,174.1,178.8,184.2,"175.4",184.8,191.2,189.9,186.9,183,204.5,173.4,185.1,188.7,179.3,192,204.2,186.1,191.2,192.8,172.7,178.7,184.9,193.8,185.3,191
"Rural",2023,"December",190.9,189.6,177.8,175.6,184.3,187.3,"174.2",183.8,190.2,190.8,184.5,189,216.3,172.4,202.9,190.1,180.9,193.3,206.3,185.8,191.5,199.8,182.8,172.5,185.5,194,194.1,196.7
"Urban",2023,"December",191.7,186.8,175.5,174.5,174.3,177.5,"178.5",184.4,191.3,189.1,187.6,180.3,181.7,176.8,173.8,183.1,174.4,191.4,196.6,184.2,187.5,185.6,170.8,181.2,180.4,191.5,177.3,189.7
"Rural+Urban",2023,"December",191.2,189,176.9,174.9,178.6,182.7,"175",184,190.8,190.2,185.8,183.2,205.4,173.8,185.1,188.1,178,192.2,203.8,185.2,189.6,192.6,171.5,178.3,183.4,193.1,185.5,191.5
"Rural",2024,"January",191.4,189.3,176.8,174.5,183.9,187.1,"173.6",183.3,190,191.4,183.9,188.9,215.8,172.8,203.3,188.5,180.6,193.4,204.9,185.5,191,198.5,180.9,172.7,186.9,194.3,194.6,197.1
"Urban",2024,"January",191.5,186.4,175.2,174.9,173.2,176.6,"178.2",184.1,191.8,189.3,187.5,179.9,182.1,177.2,173.2,182,173.7,191.3,196.3,184.3,187.9,180.9,170.6,181,180.5,190.2,173.3,189.4
"Rural+Urban",2024,"January",191.4,188.7,176.2,174.7,177.8,182.2,"174.4",183.6,191,190.7,185.4,182.9,205.1,174.2,184.9,186.7,177.5,192.2,202.7,185.1,189.5,189.6,171.2,178.2,184.2,192.9,183.7,191.4
"Rural",2024,"February",192.2,189,176.7,173.7,183.7,187.7,"174.3",181.8,190.4,192.2,184.1,188.2,216.7,172.5,204.2,188.4,180.8,194.3,203.8,186.1,190.9,197.7,181.1,172.3,188.6,195.5,192,198.3
"Urban",2024,"February",192.8,185.7,174.8,175.4,173.7,177,"179.2",184.1,192.4,190.3,187.9,180.4,181.3,176.7,173,181.8,173.8,191.6,194.3,184.5,188.2,182.1,171.8,180.9,180.5,191.2,170.6,190.3
"Rural+Urban",2024,"February",192.4,188.3,176,174.7,178,182.7,"175.2",182.7,191.5,191.5,185.7,183,205.5,173.8,185.2,186.6,177.7,192.7,201.3,185.5,189.6,189.8,172.3,178,185.2,194,181.1,192.3
